Workbook

Sheet Hệ thống tổng hợp tài sản
A1: Mã tài sản | B1: Tên tài sản | C1: Vị trí | D1: Hãng mua | E1: Thông số kĩ thuật | F1: Mã số bảo hành | G1: Đơn vị tính | H1: Số lượng | I1: Mã nhân viên sử dụng gần nhất | J1: Họ tên nhân viên sử dụng gần nhất | K1: Bộ phận sử dụng gần nhất | L1: Ngày cấp | M1: Đơn vị mua | N1: Người sử dụng 1 | O1: Người sử dụng 2 | P1: Người sử dụng 3
H6: 2
H7: 2

Sheet Trang_tính1
A3: TÊN TÀI SẢN | B3: Tổng của SỐ LƯỢNG
A4: Bàn ban công | B4: 1
A5: Bàn đơn TBP | B5: 7
A6: Bàn gỗ có hộc | B6: 1
A7: Bàn gỗ không hộc | B7: 1
A8: Bàn làm việc mặt gỗ | B8: 2
A9: Bàn làm việc mặt kính | B9: 11
A10: Bàn làm việc TGD | B10: 1
A11: Bàn phòng họp (dài) | B11: 1
A12: Bàn phòng họp (ngắn) | B12: 6
A13: Bàn tiếp khách mặt cong (màu trắng) | B13: 1
A14: Bàn tiếp khách tròn mặt kính | B14: 1
A15: Bàn tròn trơn mặt gỗ (Màu trắng) | B15: 1
... A18: Camera | B18: 10
A19: Camera chiếu tivi
A20: Cây nước (Nóng/lạnh) | B20: 1
A21: Đầu ghi | B21: 2
A22: Ghế 4 chân | B22: 12
A23: Ghế ban công | B23: 6
A24: Ghế băng dài | B24: 1
A25: Ghế chân quỳ | B25: 9
A26: Ghế gấp | B26: 14
A27: Ghế làm việc TGĐ | B27: 1
A28: Ghế sofa | B28: 1
A29: Ghế TBP - màu đen | B29: 2
A30: Ghế TBP - màu trắng | B30: 8
A31: Ghế tiếp khách | B31: 1
... A49: Tủ lạnh | B49: 1
A50: (trống)
A51: Tổng Cuối | B51: 182

Sheet TỔNG HỢP TS
A2: LOẠI TÀI SẢN | B2: THÁNG 08.2026 | F2: THÁNG 09.2026 | J2: THÁNG 10.2026 | N2: THÁNG 11.2026 | R2: THÁNG 12.2026
B3: ĐẦU KÌ | C3: TĂNG TRONG KÌ | D3: GIẢM TRONG KÌ | E3: CUỐI KÌ | F3: ĐẦU KÌ | G3: TĂNG TRONG KÌ | H3: GIẢM TRONG KÌ | I3: CUỐI KÌ | J3: ĐẦU KÌ | K3: TĂNG TRONG KÌ | L3: GIẢM TRONG KÌ | M3: CUỐI KÌ | N3: ĐẦU KÌ | O3: TĂNG TRONG KÌ | P3: GIẢM TRONG KÌ | Q3: CUỐI KÌ | R3: ĐẦU KÌ | S3: TĂNG TRONG KÌ | T3: GIẢM TRONG KÌ | U3: CUỐI KÌ
A4: Laptop
A5: PC
A6: Màn hình máy tính
A7: Chuột
A8: Bàn phím
A9: Ổ cứng

Sheet 01. Tài sản tăng
C1: Hanoi Head Office: 3rd Floor., 69 Building, Nguyen Hy Quang Str., Dong Da Dist., Hanoi, Vietnam Tel + 84 24 3715 3303 / 3927 5600 / Fax + 84 24 3627 6563 HCM Branch Office: 2nd Floor, Ha Do Airport Building - 02 Hong Ha St.,Tan Binh Dist, HCM City, Vietnam Tel + 84 28 222 16328 Website: newdaymedia.com.vn
A2: THEO DÕI TÀI SẢN TĂNG | D2: - Mã PC trống mã : PC053, PC054 - Mã Chuột trống: CH053, CH054 - Mã Bàn phím trống : BP053 BP054
A3: STT | B3: LOẠI TÀI SẢN | C3: MÃ TÀI SẢN | D3: TÊN TÀI SẢN | E3: THÔNG SỐ KĨ THUẬT | F3: ĐƠN VỊ | G3: SỐ LƯỢNG | H3: NGÀY MUA | I3: GIÁ MUA | J3: MNV NGƯỜI ĐỀ XUẤT | K3: HỌ TÊN NGƯỜI ĐỀ XUẤT | L3: BỘ PHẬN ĐỀ XUẤT | M3: MNV NGƯỜI SỬ DỤNG | N3: NGƯỜI SỬ DỤNG | O3: NHÓM NCC | P3: ĐƠN VỊ CUNG CẤP | Q3: SĐT KÍCH HOẠT BẢO HÀNH | R3: SĐT NCC | S3: LINK PHIẾU BẢO HÀNH | T3: MÃ THANH TOÁN | U3: HC THEO DÕI THÔNG TIN | V3: GHI CHÚ
A4: NĂM 2025
A5: 1 | B5: TS máy móc thiết bị | D5: Laptop HP 250 | F5: Chiếc | G5: 1 | H5: 45876 | I5: 13930000 | K5: Nguyễn Hồng Nhung | L5: Tài chính & Kế toán - Finance & Accounting | M5: 25022 | N5: Nguyễn Hồng Nhung | O5: Đồ điện tử | P5: CellphoneS | Q5: 0779262715 | T5: 070825-02 | U5: Ngô Thị Hồng Hải
A6: 2 | B6: TS máy móc thiết bị | C6: PC031 | D6: PC | F6: Chiếc | G6: 1 | H6: 45888 | I6: 30500000 | J6: 20001 | K6: Hoàng Quốc Nghị | L6: Thiết kế - Design | M6: 25029 | N6: Đinh Ngọc Thành | O6: Đồ điện tử | P6: Hoàng Hà | Q6: 0779262715 | S6: Phiếu BH | T6: 996202 | U6: Ngô Thị Hồng Hải
A7: 3 | B7: TS máy móc thiết bị | C7: MH031 | D7: Màn hình máy tính | F7: Chiếc | G7: 1 | H7: 45888 | J7: 20001 | K7: Hoàng Quốc Nghị | L7: Thiết kế - Design | M7: 25029 | N7: Đinh Ngọc Thành | O7: Đồ điện tử | P7: Hoàng Hà | Q7: 0779262715 | U7: Ngô Thị Hồng Hải
A8: 4 | B8: TS máy móc thiết bị | C8: CH031 | D8: Chuột | F8: Chiếc | G8: 1 | H8: 45888 | J8: 20001 | K8: Hoàng Quốc Nghị | L8: Thiết kế - Design | M8: 25029 | N8: Đinh Ngọc Thành | O8: Đồ điện tử | P8: Hoàng Hà | Q8: 0779262715 | U8: Ngô Thị Hồng Hải
A9: 5 | B9: TS máy móc thiết bị | C9: MH047 | D9: Màn hình máy tính | F9: Chiếc | G9: 1 | H9: 45917 | I9: 91568000 | J9: 22003 | K9: Nguyễn Thành Long | L9: Sản xuất Video - Video Prodution | M9: 25011 | N9: Lê Công Hoàng | O9: Đồ điện tử | P9: An phát | Q9: 0779262715 | S9: Phiếu BH | T9: 1046211 | U9: Ngô Thị Hồng Hải
A10: 6 | B10: TS máy móc thiết bị | C10: PC047 | D10: PC | F10: Chiếc | G10: 1 | H10: 45917 | J10: 22003 | K10: Nguyễn Thành Long | L10: Sản xuất Video - Video Prodution | M10: 25011 | N10: Lê Công Hoàng | O10: Đồ điện tử | P10: An phát | Q10: 0779262715 | U10: Ngô Thị Hồng Hải
A11: 7 | B11: TS máy móc thiết bị | C11: MH048 | D11: Màn hình máy tính | F11: Chiếc | G11: 1 | H11: 45917 | J11: 22003 | K11: Nguyễn Thành Long | L11: Sản xuất Video - Video Prodution | M11: 25011 | N11: Lê Công Hoàng | O11: Đồ điện tử | P11: An phát | Q11: 0779262715 | U11: Ngô Thị Hồng Hải
A12: 8 | B12: TS máy móc thiết bị | C12: MH043 | D12: Màn hình máy tính | F12: Chiếc | G12: 1 | H12: 45917 | J12: 22003 | K12: Nguyễn Thành Long | L12: Sản xuất Video - Video Prodution | M12: 25032 | N12: Nguyễn Ngọc Thắng | O12: Đồ điện tử | P12: An phát | Q12: 0779262715 | U12: Ngô Thị Hồng Hải
A13: 9 | B13: TS máy móc thiết bị | C13: PC050 | D13: PC | F13: Chiếc | G13: 1 | H13: 45931 | I13: 25060000 | J13: 22001 | K13: Bùi Xuân Dân | L13: Sự kiện - Event | M13: 22001 | N13: Bùi Xuân Dân | O13: Đồ điện tử | P13: Nguyễn Công | Q13: 0779262715 | S13: Phiếu BH | T13: 1066566 | U13: Ngô Thị Hồng Hải
A14: 10 | B14: TS máy móc thiết bị | C14: MH050 | D14: Màn hình máy tính | F14: Chiếc | G14: 1 | H14: 45931 | J14: 22002 | K14: Bùi Xuân Dân | L14: Sự kiện - Event | M14: 22001 | N14: Bùi Xuân Dân | O14: Đồ điện tử | P14: Nguyễn Công | Q14: 0779262715 | U14: Ngô Thị Hồng Hải
A15: 11 | B15: TS máy móc thiết bị | C15: CAM001 | D15: Bộ thiết bị cam | F15: Bộ | G15: 1 | H15: 45962 | I15: 18700000 | J15: 22003 | K15: Nguyễn Thành Long | L15: Sản xuất Video - Video Prodution | M15: 22003 | N15: Nguyễn Thành Long | O15: Đồ điện tử | P15: Tokyo | Q15: 0779262715 | S15: Phiếu BH | T15: 1129720 | U15: Ngô Thị Hồng Hải | V15: LINK
A16: 12 | B16: TS máy móc thiết bị | C16: MH051 | D16: Màn hình máy tính | F16: Chiếc | G16: 1 | H16: 46006 | I16: 88750000 | J16: 22003 | K16: Nguyễn Thành Long | L16: Sản xuất Video - Video Prodution | M16: 25045 | N16: Nguyễn Anh Tuấn | O16: Đồ điện tử | P16: Nguyễn Công | Q16: 0779262715 | S16: Phiếu BH | T16: 1226115 | U16: Ngô Thị Hồng Hải
A17: 13 | B17: TS máy móc thiết bị | C17: MH053 | D17: Màn hình máy tính | F17: Chiếc | G17: 1 | H17: 46006 | J17: 22003 | K17: Nguyễn Thành Long | L17: Sản xuất Video - Video Prodution | M17: 25045 | N17: Nguyễn Anh Tuấn | O17: Đồ điện tử | P17: Nguyễn Công | Q17: 0779262715 | U17: Ngô Thị Hồng Hải
A18: 14 | B18: TS máy móc thiết bị | C18: PC051 | D18: PC | F18: Chiếc | G18: 1 | H18: 46006 | J18: 22003 | K18: Nguyễn Thành Long | L18: Sản xuất Video - Video Prodution | M18: 25045 | N18: Nguyễn Anh Tuấn | O18: Đồ điện tử | P18: Nguyễn Công | Q18: 0779262715 | U18: Ngô Thị Hồng Hải
A19: 15 | B19: TS máy móc thiết bị | C19: BP051 | D19: Bàn phím | F19: Chiếc | G19: 1 | H19: 46006 | J19: 22003 | K19: Nguyễn Thành Long | L19: Sản xuất Video - Video Prodution | M19: 25045 | N19: Nguyễn Anh Tuấn | O19: Đồ điện tử | P19: Nguyễn Công | Q19: 0779262715 | U19: Ngô Thị Hồng Hải
A20: 16 | B20: TS máy móc thiết bị | C20: CH051 | D20: Chuột | F20: Chiếc | G20: 1 | H20: 46006 | J20: 22003 | K20: Nguyễn Thành Long | L20: Sản xuất Video - Video Prodution | M20: 25045 | N20: Nguyễn Anh Tuấn | O20: Đồ điện tử | P20: Nguyễn Công | Q20: 0779262715 | U20: Ngô Thị Hồng Hải
A21: 17 | B21: TS máy móc thiết bị | C21: MH052 | D21: Màn hình máy tính | F21: Chiếc | G21: 1 | H21: 46006 | I21: 88750000 | J21: 22003 | K21: Nguyễn Thành Long | L21: Sản xuất Video - Video Prodution | M21: 25046 | N21: Phùng Vân Anh | O21: Đồ điện tử | P21: Nguyễn Công | Q21: 0779262715 | U21: Ngô Thị Hồng Hải
A22: 18 | B22: TS máy móc thiết bị | C22: MH054 | D22: Màn hình máy tính | F22: Chiếc | G22: 1 | H22: 46006 | J22: 22003 | K22: Nguyễn Thành Long | L22: Sản xuất Video - Video Prodution | M22: 25046 | N22: Phùng Vân Anh | O22: Đồ điện tử | P22: Nguyễn Công | Q22: 0779262715 | U22: Ngô Thị Hồng Hải
A23: 19 | B23: TS máy móc thiết bị | C23: PC052 | D23: PC | F23: Chiếc | G23: 1 | H23: 46006 | J23: 22003 | K23: Nguyễn Thành Long | L23: Sản xuất Video - Video Prodution | M23: 25046 | N23: Phùng Vân Anh | O23: Đồ điện tử | P23: Nguyễn Công | Q23: 0779262715 | U23: Ngô Thị Hồng Hải
A24: 20 | B24: TS máy móc thiết bị | C24: BP052 | D24: Bàn phím | F24: Chiếc | G24: 1 | H24: 46006 | J24: 22003 | K24: Nguyễn Thành Long | L24: Sản xuất Video - Video Prodution | M24: 25046 | N24: Phùng Vân Anh | O24: Đồ điện tử | P24: Nguyễn Công | Q24: 0779262715 | U24: Ngô Thị Hồng Hải
A25: 21 | B25: TS máy móc thiết bị | C25: CH052 | D25: Chuột | F25: Chiếc | G25: 1 | H25: 46006 | J25: 22003 | K25: Nguyễn Thành Long | L25: Sản xuất Video - Video Prodution | M25: 25046 | N25: Phùng Vân Anh | O25: Đồ điện tử | P25: Nguyễn Công | Q25: 0779262715 | U25: Ngô Thị Hồng Hải
A26: NĂM 2026
A27: 1 | B27: TS máy móc thiết bị | C27: OC-009 | D27: Ổ cứng | F27: Chiếc | G27: 1 | H27: 46048 | I27: 1750000 | J27: 25037 | K27: Trần Thị Huyền | L27: Hành chính nhân sự - HR & Admin | N27: Đặng Đức Hoàng | O27: Đồ điện tử | P27: Công ty Cổ phần máy tính H2 | T27: 25037 | U27: Trần Thị Huyền
A28: 2 | B28: TS máy móc thiết bị | C28: OC-010 | D28: Ổ cứng | F28: Chiếc | G28: 1 | H28: 46059 | I28: 5333333 | J28: 25037 | K28: Trần Thị Huyền | L28: Hành chính nhân sự - HR & Admin | N28: Nguyễn Thị Thu Hoài | O28: Đồ điện tử | T28: 25037 | U28: Trần Thị Huyền
A29: 3 | B29: TS máy móc thiết bị | C29: OC-011 | D29: Ổ cứng | F29: Chiếc | G29: 1 | H29: 46059 | I29: 8425926 | J29: 25037 | K29: Trần Thị Huyền | L29: Hành chính nhân sự - HR & Admin | N29: Nguyễn Ngọc Thắng | O29: Đồ điện tử | T29: 25037 | U29: Trần Thị Huyền
A30: 4 | B30: TS máy móc thiết bị | C30: OC-012 | D30: Ổ cứng | E30: - HDD | F30: Chiếc | G30: 1 | H30: 46059 | I30: 11666667 | J30: 25037 | K30: Trần Thị Huyền | L30: Hành chính nhân sự - HR & Admin | N30: Nguyễn Ngọc Thắng | O30: Đồ điện tử | T30: 25037 | U30: Trần Thị Huyền
A31: 5 | B31: TS máy móc thiết bị | C31: RAM01 | D31: Ổ cứng | F31: Chiếc | G31: 1 | H31: 46059 | I31: 5203704 | J31: 25037 | K31: Trần Thị Huyền | L31: Hành chính nhân sự - HR & Admin | N31: Nguyễn Ngọc Thắng | O31: Đồ điện tử | T31: 25037 | U31: Trần Thị Huyền
A32: 6 | B32: TS máy móc thiết bị | C32: OC-007 | D32: Ổ cứng | F32: Chiếc | G32: 1 | H32: 46090 | I32: 1900000 | J32: 26004 | K32: Nguyễn Mai Hương | L32: Hành chính nhân sự - HR & Admin | N32: Nguyễn Mạnh Hoàng | O32: Đồ điện tử | P32: Công ty Cổ phần máy tính H2 | T32: 1363358 | U32: Nguyễn Mai Hương
A33: 7 | B33: TS máy móc thiết bị | C33: BP06 | D33: Bàn phím | F33: Chiếc | G33: 1 | H33: 46090 | I33: 3000000 | J33: 26004 | K33: Nguyễn Mai Hương | L33: Hành chính nhân sự - HR & Admin | N33: Nguyễn Mạnh Hoàng | O33: Đồ điện tử | P33: Công ty Cổ phần máy tính H2 | T33: 1363358 | U33: Nguyễn Mai Hương
A34: 8 | B34: TS máy móc thiết bị | C34: SAC_01 | D34: Sạc Surface | E34: 102w | F34: Chiếc | G34: 1 | H34: 46120 | I34: 1350000 | J34: 26004 | K34: Nguyễn Mai Hương | L34: Hành chính nhân sự - HR & Admin | N34: Nguyễn Chí Hiếu | O34: Đồ điện tử | P34: Công ty TNHH Thương mại và Dịch vụ Trí Tiến | Q34: 0915129837 | T34: 1415811 | U34: Nguyễn Mai Hương
A35: 9 | B35: TS máy móc thiết bị | C35: LT004 | D35: Máy tính Surface Pro11 | F35: Chiếc | G35: 1 | H35: 46183 | I35: 47520000 | J35: 26016 | K35: Nguyễn Ngọc Huyền | L35: Hành chính nhân sự - HR & Admin | N35: Nguyễn Mạnh Hoàng | O35: Đồ điện tử | P35: Công ty TNHH Thương mại và Dịch vụ Trí Tiến | Q35: 02437153303 | R35: 0986981616 | S35: 1517945_Phiếu bảo hành SurfacePro11 phòng Creative.pdf | T35: 1517945 | U35: Nguyễn Ngọc Huyền
A36: 10 | B36: TS máy móc thiết bị | C36: BP036 | D36: Bàn phím | F36: Chiếc | G36: 1 | H36: 46183 | I36: 4320000 | J36: 26016 | K36: Nguyễn Ngọc Huyền | L36: Hành chính nhân sự - HR & Admin | N36: Nguyễn Mạnh Hoàng | O36: Đồ điện tử | P36: Công ty TNHH Thương mại và Dịch vụ Trí Tiến | Q36: 02437153303 | R36: 0986981616 | T36: 1539304 | U36: Nguyễn Ngọc Huyền
A37: 11 | B37: TS máy móc thiết bị | C37: PC055 | D37: PC | F37: Chiếc | G37: 1 | H37: 46190 | I37: 55280000 | J37: 26016 | K37: Nguyễn Ngọc Huyền | L37: Hành chính nhân sự - HR & Admin | M37: 26017 | N37: Nguyễn Duy Hưng | O37: Đồ điện tử | P37: Nguyễn Công | Q37: 0779262715 | R37: 0332101130 | S37: 1530844_Phiếu xuất kho, bảo hành PC - Duy Hưng P.Thiết kế | T37: 1530844 | U37: Nguyễn Ngọc Huyền
C38: MH055 | D38: Màn hình máy tính | F38: Chiếc | G38: 1 | I38: 5200000
C39: CH055 | D39: Chuột | F39: Chiếc | G39: 1 | I39: 0
C40: BP055 | D40: Bàn phím | F40: Chiếc | G40: 1 | I40: 0
A41: 12 | B41: TS máy móc thiết bị | C41: PC056 | D41: PC | F41: Chiếc | G41: 1 | H41: 46203 | I41: 12690000 | J41: 26016 | K41: Nguyễn Ngọc Huyền | L41: Hành chính nhân sự - HR & Admin | M41: 20002 | N41: Đào Thị Thùy | O41: Đồ điện tử | P41: Nguyễn Công | Q41: 0779262715 | R41: 0332101130 | S41: 1568389_Phiếu bảo hành 8 Case PC | T41: 1568389 | U41: Nguyễn Ngọc Huyền
B42: TS máy móc thiết bị | C42: CH056 | D42: Chuột | F42: Chiếc | G42: 1 | I42: 0 | N42: Lưu kho
B43: TS máy móc thiết bị | C43: BP056 | D43: Bàn phím | F43: Chiếc | G43: 1 | I43: 0 | N43: Lưu kho
A44: 12 | B44: TS máy móc thiết bị | C44: PC057 | D44: PC | F44: Chiếc | G44: 1 | H44: 46203 | I44: 12690000 | J44: 26016 | K44: Nguyễn Ngọc Huyền | L44: Hành chính nhân sự - HR & Admin | M44: 22002 | N44: Ngô Khánh Vi | O44: Đồ điện tử | P44: Nguyễn Công | Q44: 0779262715 | R44: 0332101130 | S44: 1568389_Phiếu bảo hành 8 Case PC | T44: 1568389 | U44: Nguyễn Ngọc Huyền
A45: 13 | B45: TS máy móc thiết bị | C45: CH057 | D45: Chuột | F45: Chiếc | G45: 1 | I45: 0 | N45: Lưu kho
B46: TS máy móc thiết bị | C46: BP057 | D46: Bàn phím | F46: Chiếc | G46: 1 | I46: 0 | N46: Lưu kho
B47: TS máy móc thiết bị | C47: PC058 | D47: PC | F47: Chiếc | G47: 1 | H47: 46203 | I47: 12690000 | J47: 26016 | K47: Nguyễn Ngọc Huyền | L47: Hành chính nhân sự - HR & Admin | M47: 26014 | N47: Nguyễn Thị Thùy Linh | O47: Đồ điện tử | P47: Nguyễn Công | Q47: 0779262715 | R47: 0332101130 | S47: 1568389_Phiếu bảo hành 8 Case PC | T47: 1568389 | U47: Nguyễn Ngọc Huyền
B48: TS máy móc thiết bị | C48: CH058 | D48: Chuột | F48: Chiếc | G48: 1 | I48: 0 | N48: Lưu kho
A49: 14 | B49: TS máy móc thiết bị | C49: BP058 | D49: Bàn phím | F49: Chiếc | G49: 1 | I49: 0 | N49: Lưu kho
A50: 12 | B50: TS máy móc thiết bị | C50: PC059 | D50: PC | F50: Chiếc | G50: 1 | H50: 46203 | I50: 12690000 | J50: 26016 | K50: Nguyễn Ngọc Huyền | L50: Hành chính nhân sự - HR & Admin | M50: 24007 | N50: Lê Thương Huyền | O50: Đồ điện tử | P50: Nguyễn Công | Q50: 0779262715 | R50: 0332101130 | S50: 1568389_Phiếu bảo hành 8 Case PC | T50: 1568389 | U50: Nguyễn Ngọc Huyền
B51: TS máy móc thiết bị | C51: CH059 | D51: Chuột | F51: Chiếc | G51: 1 | I51: 0 | N51: Lưu kho
B52: TS máy móc thiết bị | C52: BP059 | D52: Bàn phím | F52: Chiếc | G52: 1 | I52: 0 | N52: Lưu kho
A53: 15 | B53: TS máy móc thiết bị | C53: PC060 | D53: PC | F53: Chiếc | G53: 1 | H53: 46203 | I53: 12690000 | J53: 26016 | K53: Nguyễn Ngọc Huyền | L53: Hành chính nhân sự - HR & Admin | N53: Lưu kho | O53: Đồ điện tử | P53: Nguyễn Công | Q53: 0779262715 | R53: 0332101130 | S53: 1568389_Phiếu bảo hành 8 Case PC | T53: 1568389 | U53: Nguyễn Ngọc Huyền
B54: TS máy móc thiết bị | C54: CH060 | D54: Chuột | F54: Chiếc | G54: 1 | I54: 0 | N54: Lưu kho
B55: TS máy móc thiết bị | C55: BP060 | D55: Bàn phím | F55: Chiếc | G55: 1 | I55: 0 | N55: Lưu kho
A56: 12 | B56: TS máy móc thiết bị | C56: PC061 | D56: PC | F56: Chiếc | G56: 1 | H56: 46203 | I56: 12690000 | J56: 26016 | K56: Nguyễn Ngọc Huyền | L56: Hành chính nhân sự - HR & Admin | M56: 25041 | N56: Bùi Hữu Đức | O56: Đồ điện tử | P56: Nguyễn Công | Q56: 0779262715 | R56: 0332101130 | S56: 1568389_Phiếu bảo hành 8 Case PC | T56: 1568389 | U56: Nguyễn Ngọc Huyền
A57: 16 | B57: TS máy móc thiết bị | C57: CH061 | D57: Chuột | F57: Chiếc | G57: 1 | I57: 0 | N57: Lưu kho
B58: TS máy móc thiết bị | C58: BP061 | D58: Bàn phím | F58: Chiếc | G58: 1 | I58: 0 | N58: Lưu kho
B59: TS máy móc thiết bị | C59: PC062 | D59: PC | F59: Chiếc | G59: 1 | H59: 46203 | I59: 12690000 | J59: 26016 | K59: Nguyễn Ngọc Huyền | L59: Hành chính nhân sự - HR & Admin | M59: 25021 | N59: Ngô Thị Hồng Hải | O59: Đồ điện tử | P59: Nguyễn Công | Q59: 0779262715 | R59: 0332101130 | S59: 1568389_Phiếu bảo hành 8 Case PC | T59: 1568389 | U59: Nguyễn Ngọc Huyền
B60: TS máy móc thiết bị | C60: CH062 | D60: Chuột | F60: Chiếc | G60: 1 | I60: 0 | N60: Lưu kho
A61: 17 | B61: TS máy móc thiết bị | C61: BP062 | D61: Bàn phím | F61: Chiếc | G61: 1 | I61: 0 | N61: Lưu kho
A62: 12 | B62: TS máy móc thiết bị | C62: PC063 | D62: PC | F62: Chiếc | G62: 1 | H62: 46203 | I62: 12690000 | J62: 26016 | K62: Nguyễn Ngọc Huyền | L62: Hành chính nhân sự - HR & Admin | M62: 26016 | N62: Nguyễn Ngọc Huyền | O62: Đồ điện tử | P62: Nguyễn Công | Q62: 0779262715 | R62: 0332101130 | S62: 1568389_Phiếu bảo hành 8 Case PC | T62: 1568389 | U62: Nguyễn Ngọc Huyền
B63: TS máy móc thiết bị | C63: CH063 | D63: Chuột | F63: Chiếc | G63: 1 | I63: 0 | N63: Lưu kho
B64: TS máy móc thiết bị | C64: BP063 | D64: Bàn phím | F64: Chiếc | G64: 1 | I64: 0 | N64: Lưu kho
A65: 18 | B65: TS máy móc thiết bị | C65: LT007 | D65: Laptop | F65: Chiếc | G65: 1 | H65: 46220 | I65: 34890000 | J65: 26016 | K65: Nguyễn Ngọc Huyền | L65: Hành chính nhân sự - HR & Admin | M65: 21003 | N65: Đặng Đức Hoàng | O65: Đồ điện tử | P65: CTCP XÂY DỰNG VÀ ĐẦU TƯ THƯƠNG MẠI HOÀNG HÀ | Q65: 0868386385 | R65: 0962066208 | S65: 1585192_Phiếu xuất kho bảo hành Macbook Air M5 | T65: 1585192 | U65: Nguyễn Ngọc Huyền
A66: 18 | B66: TS máy móc thiết bị | C66: MH056 | D66: Màn hình máy tính | F66: Chiếc | G66: 1 | H66: 46261 | I66: 4990000 | M66: 24009 | N66: Bùi Trịnh Tuệ Khanh | O66: Đồ điện tử | P66: CTCP THƯƠNG MẠI TỔNG HỢP HTV (CELLPHONES)
A67: 18 | B67: TS máy móc thiết bị | C67: MH057 | D67: Màn hình máy tính | F67: Chiếc | G67: 1 | H67: 46261 | I67: 4990000 | M67: 23001 | N67: Thái Thị Thanh Thảo | O67: Đồ điện tử
A68: 18 | B68: TS máy móc thiết bị | C68: MH058 | D68: Màn hình máy tính | F68: Chiếc | G68: 1 | H68: 46261 | I68: 4990000 | M68: 24006 | N68: Nguyễn Thị Thủy Tiên | O68: Đồ điện tử
A69: 18 | B69: TS máy móc thiết bị | C69: MH059 | D69: Màn hình máy tính | F69: Chiếc | G69: 1 | H69: 46261 | I69: 4990000 | M69: 21001 | N69: Nguyễn Việt Thắng | O69: Đồ điện tử
A70: 18 | B70: TS máy móc thiết bị | C70: MH060 | D70: Màn hình máy tính | F70: Chiếc | G70: 1 | H70: 46261 | I70: 4990000 | M70: 26003 | N70: Vũ Đăng Duy | O70: Đồ điện tử

Sheet 02. Tài sản giảm
C1: Hanoi Head Office: 80 Nguyen Chi Thanh St., Lang Ward, Hanoi, Vietnam. Tel: + 84 24 3715 3303 / Hotline: +84 904 033 333/ 096 2577770 Website: newdaymedia.com.vn Email: info@newdaymedia.com.vn Facebook: Newday Media JSC
A2: THEO DÕI TÀI SẢN GIẢM
A3: STT | B3: LOẠI TÀI SẢN | C3: MÃ TÀI SẢN | D3: TÊN TÀI SẢN | E3: LOẠI GIẢM | F3: ĐÁNH GIÁ TRẠNG THÁI | G3: NGÀY GIẢM TS | H3: GIÁ THANH LÝ | I3: HOÀN CHI PHÍ | J3: HC THEO DÕI THÔNG TIN | K3: GHI CHÚ
A4: 1 | B4: TS máy móc thiết bị | C4: MH036 | D4: MÀN HÌNH MÁY TÍNH | E4: Bán thanh lý | F4: Màn hỏng | G4: 46127 | H4: 30 | I4: 30 | J4: Ngô Thị Hồng Hải
A5: 2 | B5: TS máy móc thiết bị | C5: MH044 | D5: MÀN HÌNH MÁY TÍNH | E5: Bán thanh lý | F5: Màn hỏng | G5: 46127 | H5: 30 | I5: 30 | J5: Ngô Thị Hồng Hải
A6: 3 | B6: TS máy móc thiết bị | C6: PC014 | D6: PC | E6: Bán thanh lý | F6: PC cũ, lâu đời bị yếu | G6: 46127 | H6: 1,000,000 | I6: 1,000,000 | J6: Ngô Thị Hồng Hải
A7: 4 | B7: TS máy móc thiết bị | C7: PC017 | D7: PC | E7: Bán thanh lý | F7: PC cũ, lâu đời bị yếu | G7: 46127 | H7: 1,000,000 | I7: 1,000,000 | J7: Ngô Thị Hồng Hải
A8: 5 | B8: TS máy móc thiết bị | C8: PC033 | D8: PC | E8: Bán thanh lý | F8: PC cũ, lâu đời bị yếu | G8: 46127 | H8: 1,000,000 | I8: 1,000,000 | J8: Ngô Thị Hồng Hải
A9: 6 | B9: TS máy móc thiết bị | C9: PC034 | D9: PC | E9: Bán thanh lý | F9: PC cũ, lâu đời bị yếu | G9: 46127 | H9: 1,000,000 | I9: 1,000,000 | J9: Ngô Thị Hồng Hải
A10: 7 | B10: TS máy móc thiết bị | C10: PC003 | D10: PC | E10: Bán thanh lý | F10: PC cũ, lâu đời bị yếu | G10: 46212 | H10: 1000000 | I10: 1000000 | J10: Nguyễn Ngọc Huyền
A11: 8 | B11: TS máy móc thiết bị | C11: PC007 | D11: PC | E11: Bán thanh lý | F11: PC cũ, lâu đời bị yếu | G11: 46212 | H11: 1500000 | I11: 1500000 | J11: Nguyễn Ngọc Huyền
A12: 9 | B12: TS máy móc thiết bị | C12: PC012 | D12: PC | E12: Bán thanh lý | F12: PC cũ, lâu đời bị yếu | G12: 46212 | H12: 1500000 | I12: 1500000 | J12: Nguyễn Ngọc Huyền
A13: 10 | B13: TS máy móc thiết bị | C13: PC013 | D13: PC | E13: Bán thanh lý | F13: PC cũ, lâu đời bị yếu | G13: 46212 | H13: 1500000 | I13: 1500000 | J13: Nguyễn Ngọc Huyền
A14: 11 | B14: TS máy móc thiết bị | C14: PC022 | D14: PC | E14: Bán thanh lý | F14: PC cũ, lâu đời bị yếu | G14: 46212 | H14: 1500000 | I14: 1500000 | J14: Nguyễn Ngọc Huyền
A15: 12 | B15: TS máy móc thiết bị | C15: PC001 | D15: PC | E15: Bán thanh lý | F15: PC cũ, lâu đời bị yếu | G15: 46212 | H15: 1500000 | I15: 1500000 | J15: Nguyễn Ngọc Huyền
A16: 13 | B16: TS máy móc thiết bị | C16: PC032 | D16: PC | E16: Bán thanh lý | F16: PC cũ, lâu đời bị yếu | G16: 46212 | H16: 1500000 | I16: 1500000 | J16: Nguyễn Ngọc Huyền
A17: 13 | B17: TS máy móc thiết bị | C17: OC-002 | D17: Ổ cứng | E17: Trả file khách | F17: Dùng tốt | G17: 46296 | K17: Anh Nguyễn Thành Long trả file khách hàng Minh Ngọc
A18: 15
A19: 16
A20: 17
A21: 18
A22: 19
A23: 20
A24: 21
A25: 22

Sheet 03. Chi tiết TS các bộ phận
C1: Hanoi Head Office: 80 Nguyen Chi Thanh St., Lang Ward, Hanoi, Vietnam. Tel: + 84 24 3715 3303 / Hotline: +84 904 033 333/ 096 2577770 Website: newdaymedia.com.vn Email: info@newdaymedia.com.vn Facebook: Newday Media JSC
A2: THEO DÕI TÀI SẢN MÁY MÓC THIẾT BỊ | H2: Laptop | I2: PC | J2: Màn hình máy tính | K2: Chuột | L2: Bàn phím | M2: Ổ cứng | N2: Khác | R2: Mã NV - Nguyễn Văn A - Sử dụng từ...đến...., bàn giao lại HCNS ngày....
H3: =COUNTIF(B:B, "Laptop") -> 7 | I3: =COUNTIF(B:B, "PC") -> 40 | J3: =COUNTIF(B:B, "Màn hình máy tính") -> 55 | K3: =COUNTIF(B:B, "Chuột ") -> 35 | L3: =COUNTIF(B:B, "Bàn phím") -> 33 | M3: =COUNTIF(B:B, "Ổ cứng") -> 11 | N3: =COUNTIF(A:A, "khác") -> 6
A5: MÃ TS | B5: TÊN TÀI SẢN | C5: HÃNG MUA | D5: THÔNG SỐ KĨ THUẬT | E5: VỊ TRÍ | F5: ĐƠN VỊ TÍNH | G5: SỐ LƯỢNG | H5: MÃ NHÂN VIÊN ĐANG SD | I5: HỌ TÊN NHÂN VIÊN ĐANG SD | J5: BỘ PHẬN | K5: TRẠNG THÁI NHÂN VIÊN ĐANG SD | L5: MÃ BIÊN BẢN BÀN GIAO | M5: NGÀY KÝ BBBG | N5: NGÀY CẤP THIẾT BỊ | O5: TRẠNG THÁI TÀI SẢN | P5: MÃ SỐ BẢO HÀNH | Q5: GHI CHÚ | R5: NGƯỜI SỬ DỤNG 1 | S5: NGƯỜI SỬ DỤNG 2 | T5: NGƯỜI SỬ DỤNG 3 | U5: NGƯỜI SỬ DỤNG 4 | V5: NGƯỜI SỬ DỤNG 5
A6: I. SẢN XUẤT VIDEO - VIDEO PRODUTION | M6: `
A7: PC010 | B7: PC | D7: - Chip: AMD Ryzen 9 9900X 12-Core Processor - Ram: 128 GB - Card màn hình: 18 GB - Ổ cứng: 5.46 TB | E7: Khu vực BP Video | F7: Cái | G7: 1 | H7: 24004 | I7: =INDEX('6. data thông tin nhân sự'!C:C,MATCH('03. Chi tiết TS các bộ phận'!H7,'6. data thông tin nhân sự'!B:B,0)) -> Vũ Anh Duy | J7: =INDEX('6. data thông tin nhân sự'!G:G,MATCH('03. Chi tiết TS các bộ phận'!H7,'6. data thông tin nhân sự'!B:B,0)) -> Sản xuất Video - Video Prodution | K7: =INDEX('6. data thông tin nhân sự'!D:D,MATCH('03. Chi tiết TS các bộ phận'!H7,'6. data thông tin nhân sự'!B:B,0)) -> Chính thức | L7: VD_02 | M7: 46202 | N7: =INDEX('6. data thông tin nhân sự'!N:N, MATCH('03. Chi tiết TS các bộ phận'!H7, '6. data thông tin nhân sự'!B:B,0)) -> 04/04/2024 | O7: Đang sử dụng
A8: MH051 | B8: Màn hình máy tính | C8: Dell | E8: Khu vực BP Video | F8: Cái | G8: 1 | H8: 24004 | I8: =INDEX('6. data thông tin nhân sự'!C:C,MATCH('03. Chi tiết TS các bộ phận'!H8,'6. data thông tin nhân sự'!B:B,0)) -> Vũ Anh Duy | J8: =INDEX('6. data thông tin nhân sự'!G:G,MATCH('03. Chi tiết TS các bộ phận'!H8,'6. data thông tin nhân sự'!B:B,0)) -> Sản xuất Video - Video Prodution | K8: =INDEX('6. data thông tin nhân sự'!D:D,MATCH('03. Chi tiết TS các bộ phận'!H8,'6. data thông tin nhân sự'!B:B,0)) -> Chính thức | M8: 46202 | N8: 46006 | O8: Đang sử dụng | P8: Phiếu BH | Q8: Sử dung MH010 và MH040 đến ngày 15/12 bàn giao cho Tuấn - Video
A9: MH053 | B9: Màn hình máy tính | C9: Dell | E9: Khu vực BP Video | F9: Cái | G9: 1 | H9: 24004 | I9: =INDEX('6. data thông tin nhân sự'!C:C,MATCH('03. Chi tiết TS các bộ phận'!H9,'6. data thông tin nhân sự'!B:B,0)) -> Vũ Anh Duy | J9: =INDEX('6. data thông tin nhân sự'!G:G,MATCH('03. Chi tiết TS các bộ phận'!H9,'6. data thông tin nhân sự'!B:B,0)) -> Sản xuất Video - Video Prodution | K9: =INDEX('6. data thông tin nhân sự'!D:D,MATCH('03. Chi tiết TS các bộ phận'!H9,'6. data thông tin nhân sự'!B:B,0)) -> Chính thức | M9: 46202 | N9: 46006 | O9: Đang sử dụng
A10: CH010 | B10: Chuột | E10: Khu vực BP Video | F10: Cái | G10: 1 | H10: 24004 | I10: =INDEX('6. data thông tin nhân sự'!C:C,MATCH('03. Chi tiết TS các bộ phận'!H10,'6. data thông tin nhân sự'!B:B,0)) -> Vũ Anh Duy | J10: =INDEX('6. data thông tin nhân sự'!G:G,MATCH('03. Chi tiết TS các bộ phận'!H10,'6. data thông tin nhân sự'!B:B,0)) -> Sản xuất Video - Video Prodution | K10: =INDEX('6. data thông tin nhân sự'!D:D,MATCH('03. Chi tiết TS các bộ phận'!H10,'6. data thông tin nhân sự'!B:B,0)) -> Chính thức | M10: 46202 | N10: =INDEX('6. data thông tin nhân sự'!N:N, MATCH('03. Chi tiết TS các bộ phận'!H10, '6. data thông tin nhân sự'!B:B,0)) -> 04/04/2024 | O10: Đang sử dụng
A11: PC011 | B11: PC | D11: - Chip: 12th Gen Intel(R) Core(TM) i9-12900K - Ram: 32 GB - Card màn hình: 12 GB - Ổ cứng: 15,01 TB | E11: Khu vực BP Video | F11: Cái | G11: 1 | H11: 25026 | I11: =INDEX('6. data thông tin nhân sự'!C:C,MATCH('03. Chi tiết TS các bộ phận'!H11,'6. data thông tin nhân sự'!B:B,0)) -> Vũ Hoàng Duy | J11: =INDEX('6. data thông tin nhân sự'!G:G,MATCH('03. Chi tiết TS các bộ phận'!H11,'6. data thông tin nhân sự'!B:B,0)) -> Sản xuất Video - Video Prodution | K11: =INDEX('6. data thông tin nhân sự'!D:D,MATCH('03. Chi tiết TS các bộ phận'!H11,'6. data thông tin nhân sự'!B:B,0)) -> Chính thức | L11: VD_03 | M11: 46204 | N11: =INDEX('6. data thông tin nhân sự'!N:N, MATCH('03. Chi tiết TS các bộ phận'!H11, '6. data thông tin nhân sự'!B:B,0)) -> 30/07/2025 | O11: Đang sử dụng
A12: MH052 | B12: Màn hình máy tính | C12: Asus LCD | E12: Khu vực BP Video | F12: Cái | G12: 1 | H12: 25026 | I12: =INDEX('6. data thông tin nhân sự'!C:C,MATCH('03. Chi tiết TS các bộ phận'!H12,'6. data thông tin nhân sự'!B:B,0)) -> Vũ Hoàng Duy | J12: =INDEX('6. data thông tin nhân sự'!G:G,MATCH('03. Chi tiết TS các bộ phận'!H12,'6. data thông tin nhân sự'!B:B,0)) -> Sản xuất Video - Video Prodution | K12: =INDEX('6. data thông tin nhân sự'!D:D,MATCH('03. Chi tiết TS các bộ phận'!H12,'6. data thông tin nhân sự'!B:B,0)) -> Chính thức | M12: 46204 | N12: 46006 | O12: Đang sử dụng | P12: Phiếu BH | Q12: Sử dung MH011 và MH009 đến ngày 15/12 bàn giao cho Vân Anh - Video
A13: MH054 | B13: Màn hình máy tính | C13: Asus LCD | E13: Khu vực BP Video | F13: Cái | G13: 1 | H13: 25026 | I13: =INDEX('6. data thông tin nhân sự'!C:C,MATCH('03. Chi tiết TS các bộ phận'!H13,'6. data thông tin nhân sự'!B:B,0)) -> Vũ Hoàng Duy | J13: =INDEX('6. data thông tin nhân sự'!G:G,MATCH('03. Chi tiết TS các bộ phận'!H13,'6. data thông tin nhân sự'!B:B,0)) -> Sản xuất Video - Video Prodution | K13: =INDEX('6. data thông tin nhân sự'!D:D,MATCH('03. Chi tiết TS các bộ phận'!H13,'6. data thông tin nhân sự'!B:B,0)) -> Chính thức | M13: 46204 | N13: 46006 | O13: Đang sử dụng
A14: BP011 | B14: Bàn phím | E14: Khu vực BP Video | F14: Cái | G14: 1 | H14: 25026 | I14: =INDEX('6. data thông tin nhân sự'!C:C,MATCH('03. Chi tiết TS các bộ phận'!H14,'6. data thông tin nhân sự'!B:B,0)) -> Vũ Hoàng Duy | J14: =INDEX('6. data thông tin nhân sự'!G:G,MATCH('03. Chi tiết TS các bộ phận'!H14,'6. data thông tin nhân sự'!B:B,0)) -> Sản xuất Video - Video Prodution | K14: =INDEX('6. data thông tin nhân sự'!D:D,MATCH('03. Chi tiết TS các bộ phận'!H14,'6. data thông tin nhân sự'!B:B,0)) -> Chính thức | M14: 46204 | N14: =INDEX('6. data thông tin nhân sự'!N:N, MATCH('03. Chi tiết TS các bộ phận'!H14, '6. data thông tin nhân sự'!B:B,0)) -> 30/07/2025 | O14: Đang sử dụng
A15: PC047 | B15: PC | D15: - AMD Ryzen 9 9950X 16-Core Processor - Ram: 128 GB - Card màn hình: 16 GB - Ổ cứng: 7,28 TB | E15: Khu vực BP Video | F15: Cái | G15: 1 | H15: 25011 | I15: =INDEX('6. data thông tin nhân sự'!C:C,MATCH('03. Chi tiết TS các bộ phận'!H15,'6. data thông tin nhân sự'!B:B,0)) -> Lê Công Hoàng | J15: =INDEX('6. data thông tin nhân sự'!G:G,MATCH('03. Chi tiết TS các bộ phận'!H15,'6. data thông tin nhân sự'!B:B,0)) -> Sản xuất Video - Video Prodution | K15: =INDEX('6. data thông tin nhân sự'!D:D,MATCH('03. Chi tiết TS các bộ phận'!H15,'6. data thông tin nhân sự'!B:B,0)) -> Chính thức | L15: VD_04 | M15: 46204 | N15: 45917 | O15: Đang sử dụng | P15: Phiếu BH | Q15: PC047 - mới mua ngày. 17/09/2025
A16: MH047 | B16: Màn hình máy tính | C16: Asus Pro | E16: Khu vực BP Video | F16: Cái | G16: 1 | H16: 25011 | I16: =INDEX('6. data thông tin nhân sự'!C:C,MATCH('03. Chi tiết TS các bộ phận'!H16,'6. data thông tin nhân sự'!B:B,0)) -> Lê Công Hoàng | J16: =INDEX('6. data thông tin nhân sự'!G:G,MATCH('03. Chi tiết TS các bộ phận'!H16,'6. data thông tin nhân sự'!B:B,0)) -> Sản xuất Video - Video Prodution | K16: =INDEX('6. data thông tin nhân sự'!D:D,MATCH('03. Chi tiết TS các bộ phận'!H16,'6. data thông tin nhân sự'!B:B,0)) -> Chính thức | M16: 46204 | N16: 45917 | O16: Đang sử dụng | Q16: MH047 - mới mua ngày 17/09/2025
A17: MH048 | B17: Màn hình máy tính | C17: Asus Pro | E17: Khu vực BP Video | F17: Cái | G17: 1 | H17: 25011 | I17: =INDEX('6. data thông tin nhân sự'!C:C,MATCH('03. Chi tiết TS các bộ phận'!H17,'6. data thông tin nhân sự'!B:B,0)) -> Lê Công Hoàng | J17: =INDEX('6. data thông tin nhân sự'!G:G,MATCH('03. Chi tiết TS các bộ phận'!H17,'6. data thông tin nhân sự'!B:B,0)) -> Sản xuất Video - Video Prodution | K17: =INDEX('6. data thông tin nhân sự'!D:D,MATCH('03. Chi tiết TS các bộ phận'!H17,'6. data thông tin nhân sự'!B:B,0)) -> Chính thức | M17: 46204 | N17: 45917 | O17: Đang sử dụng | Q17: MH048 - mới mua ngày 17/09/2025
A18: BP009 | B18: Bàn phím | E18: Khu vực BP Video | F18: Cái | G18: 1 | H18: 25011 | I18: =INDEX('6. data thông tin nhân sự'!C:C,MATCH('03. Chi tiết TS các bộ phận'!H18,'6. data thông tin nhân sự'!B:B,0)) -> Lê Công Hoàng | J18: =INDEX('6. data thông tin nhân sự'!G:G,MATCH('03. Chi tiết TS các bộ phận'!H18,'6. data thông tin nhân sự'!B:B,0)) -> Sản xuất Video - Video Prodution | K18: =INDEX('6. data thông tin nhân sự'!D:D,MATCH('03. Chi tiết TS các bộ phận'!H18,'6. data thông tin nhân sự'!B:B,0)) -> Chính thức | M18: 46204 | N18: =INDEX('6. data thông tin nhân sự'!N:N, MATCH('03. Chi tiết TS các bộ phận'!H18, '6. data thông tin nhân sự'!B:B,0)) -> 12/05/2025 | O18: Đang sử dụng
A19: PC009 | B19: PC | D19: - Chip: 12th Gen Intel(R) Core(TM) i9-12900K - Ram: 64 GB - Card màn hình: 12 GB - Ổ cứng: 20,92 TB | E19: Khu vực BP Video | F19: Cái | G19: 1 | H19: 25032 | I19: =INDEX('6. data thông tin nhân sự'!C:C,MATCH('03. Chi tiết TS các bộ phận'!H19,'6. data thông tin nhân sự'!B:B,0)) -> Nguyễn Ngọc Thắng | J19: =INDEX('6. data thông tin nhân sự'!G:G,MATCH('03. Chi tiết TS các bộ phận'!H19,'6. data thông tin nhân sự'!B:B,0)) -> Sản xuất Video - Video Prodution | K19: =INDEX('6. data thông tin nhân sự'!D:D,MATCH('03. Chi tiết TS các bộ phận'!H19,'6. data thông tin nhân sự'!B:B,0)) -> Chính thức | L19: VD_05 | M19: 46204 | N19: =INDEX('6. data thông tin nhân sự'!N:N, MATCH('03. Chi tiết TS các bộ phận'!H19, '6. data thông tin nhân sự'!B:B,0)) -> 25/09/2025 | O19: Đang sử dụng | R19: 25011- Lê Công Hoàng - từ ngày 8/8/2025 - trả ngày 19/09/2025
A20: MH049 | B20: Màn hình máy tính | C20: Dell | E20: Khu vực BP Video | F20: Cái | G20: 1 | H20: 25032 | I20: =INDEX('6. data thông tin nhân sự'!C:C,MATCH('03. Chi tiết TS các bộ phận'!H20,'6. data thông tin nhân sự'!B:B,0)) -> Nguyễn Ngọc Thắng | J20: =INDEX('6. data thông tin nhân sự'!G:G,MATCH('03. Chi tiết TS các bộ phận'!H20,'6. data thông tin nhân sự'!B:B,0)) -> Sản xuất Video - Video Prodution | K20: =INDEX('6. data thông tin nhân sự'!D:D,MATCH('03. Chi tiết TS các bộ phận'!H20,'6. data thông tin nhân sự'!B:B,0)) -> Chính thức | M20: 46204 | N20: =INDEX('6. data thông tin nhân sự'!N:N, MATCH('03. Chi tiết TS các bộ phận'!H20, '6. data thông tin nhân sự'!B:B,0)) -> 25/09/2025 | O20: Đang sử dụng
A21: MH043 | B21: Màn hình máy tính | C21: Dell | E21: Khu vực BP Video | F21: Cái | G21: 1 | H21: 25032 | I21: =INDEX('6. data thông tin nhân sự'!C:C,MATCH('03. Chi tiết TS các bộ phận'!H21,'6. data thông tin nhân sự'!B:B,0)) -> Nguyễn Ngọc Thắng | J21: =INDEX('6. data thông tin nhân sự'!G:G,MATCH('03. Chi tiết TS các bộ phận'!H21,'6. data thông tin nhân sự'!B:B,0)) -> Sản xuất Video - Video Prodution | K21: =INDEX('6. data thông tin nhân sự'!D:D,MATCH('03. Chi tiết TS các bộ phận'!H21,'6. data thông tin nhân sự'!B:B,0)) -> Chính thức | M21: 46204 | N21: =INDEX('6. data thông tin nhân sự'!N:N, MATCH('03. Chi tiết TS các bộ phận'!H21, '6. data thông tin nhân sự'!B:B,0)) -> 25/09/2025 | O21: Đang sử dụng | P21: Phiếu BH | Q21: MH043 - mới mua ngày 17/09/2025
A22: BP047 | B22: Bàn phím | C22: Dell | E22: Khu vực BP Video | F22: Cái | G22: 1 | H22: 25032 | I22: =INDEX('6. data thông tin nhân sự'!C:C,MATCH('03. Chi tiết TS các bộ phận'!H22,'6. data thông tin nhân sự'!B:B,0)) -> Nguyễn Ngọc Thắng | J22: =INDEX('6. data thông tin nhân sự'!G:G,MATCH('03. Chi tiết TS các bộ phận'!H22,'6. data thông tin nhân sự'!B:B,0)) -> Sản xuất Video - Video Prodution | K22: =INDEX('6. data thông tin nhân sự'!D:D,MATCH('03. Chi tiết TS các bộ phận'!H22,'6. data thông tin nhân sự'!B:B,0)) -> Chính thức | M22: 46204 | N22: =INDEX('6. data thông tin nhân sự'!N:N, MATCH('03. Chi tiết TS các bộ phận'!H22, '6. data thông tin nhân sự'!B:B,0)) -> 25/09/2025 | O22: Đang sử dụng
A23: KHÁC | B23: Ổ cứng | D23: - Ổ cứng gắn PC - HDD - Dung lượng: 15TB | E23: Khu vực BP Video | F23: Cái | G23: 1 | H23: 25032 | I23: =INDEX('6. data thông tin nhân sự'!C:C,MATCH('03. Chi tiết TS các bộ phận'!H23,'6. data thông tin nhân sự'!B:B,0)) -> Nguyễn Ngọc Thắng | J23: =INDEX('6. data thông tin nhân sự'!G:G,MATCH('03. Chi tiết TS các bộ phận'!H23,'6. data thông tin nhân sự'!B:B,0)) -> Sản xuất Video - Video Prodution | K23: =INDEX('6. data thông tin nhân sự'!D:D,MATCH('03. Chi tiết TS các bộ phận'!H23,'6. data thông tin nhân sự'!B:B,0)) -> Chính thức | M23: 46204 | N23: 46050 | O23: Đang sử dụng | Q23: Mua mới ngày 28/01/2026
A24: KHÁC | B24: Ổ cứng | D24: - Ổ cứng gắn PC - SSD - Dung lượng: 2TB | E24: Khu vực BP Video | F24: Cái | G24: 1 | H24: 25032 | I24: =INDEX('6. data thông tin nhân sự'!C:C,MATCH('03. Chi tiết TS các bộ phận'!H24,'6. data thông tin nhân sự'!B:B,0)) -> Nguyễn Ngọc Thắng | J24: =INDEX('6. data thông tin nhân sự'!G:G,MATCH('03. Chi tiết TS các bộ phận'!H24,'6. data thông tin nhân sự'!B:B,0)) -> Sản xuất Video - Video Prodution | K24: =INDEX('6. data thông tin nhân sự'!D:D,MATCH('03. Chi tiết TS các bộ phận'!H24,'6. data thông tin nhân sự'!B:B,0)) -> Chính thức | M24: 46204 | N24: 46050 | O24: Đang sử dụng | Q24: Mua mới ngày 28/01/2026
A25: KHÁC | B25: Ram | E25: Khu vực BP Video | F25: Cái | G25: 1 | H25: 25032 | I25: =INDEX('6. data thông tin nhân sự'!C:C,MATCH('03. Chi tiết TS các bộ phận'!H25,'6. data thông tin nhân sự'!B:B,0)) -> Nguyễn Ngọc Thắng | J25: =INDEX('6. data thông tin nhân sự'!G:G,MATCH('03. Chi tiết TS các bộ phận'!H25,'6. data thông tin nhân sự'!B:B,0)) -> Sản xuất Video - Video Prodution | K25: =INDEX('6. data thông tin nhân sự'!D:D,MATCH('03. Chi tiết TS các bộ phận'!H25,'6. data thông tin nhân sự'!B:B,0)) -> Chính thức | M25: 46204 | N25: 46050 | O25: Đang sử dụng | Q25: Mua mới ngày 28/01/2026, không dán mã do ram rất nhỏ và mỏng nếu dán sẽ khó lắp đặt vào máy
A26: MH010 | B26: Màn hình máy tính | C26: Asus Pro | E26: Khu vực BP Video | F26: Cái | G26: 1 | H26: 25045 | I26: =INDEX('6. data thông tin nhân sự'!C:C,MATCH('03. Chi tiết TS các bộ phận'!H26,'6. data thông tin nhân sự'!B:B,0)) -> Nguyễn Anh Tuấn | J26: =INDEX('6. data thông tin nhân sự'!G:G,MATCH('03. Chi tiết TS các bộ phận'!H26,'6. data thông tin nhân sự'!B:B,0)) -> Sản xuất Video - Video Prodution | K26: =INDEX('6. data thông tin nhân sự'!D:D,MATCH('03. Chi tiết TS các bộ phận'!H26,'6. data thông tin nhân sự'!B:B,0)) -> Chính thức | L26: VD_06 | M26: 46204 | N26: =INDEX('6. data thông tin nhân sự'!N:N, MATCH('03. Chi tiết TS các bộ phận'!H26, '6. data thông tin nhân sự'!B:B,0)) -> 16/12/2025 | O26: Đang sử dụng | P26: LINK | R26: Vũ Anh Duy sd tư 08/08/2025 đến ngày 15/12/2025
A27: MH040 | B27: Màn hình máy tính | C27: Asus Pro | E27: Khu vực BP Video | F27: Cái | G27: 1 | H27: 25045 | I27: =INDEX('6. data thông tin nhân sự'!C:C,MATCH('03. Chi tiết TS các bộ phận'!H27,'6. data thông tin nhân sự'!B:B,0)) -> Nguyễn Anh Tuấn | J27: =INDEX('6. data thông tin nhân sự'!G:G,MATCH('03. Chi tiết TS các bộ phận'!H27,'6. data thông tin nhân sự'!B:B,0)) -> Sản xuất Video - Video Prodution | K27: =INDEX('6. data thông tin nhân sự'!D:D,MATCH('03. Chi tiết TS các bộ phận'!H27,'6. data thông tin nhân sự'!B:B,0)) -> Chính thức | M27: 46204 | N27: =INDEX('6. data thông tin nhân sự'!N:N, MATCH('03. Chi tiết TS các bộ phận'!H27, '6. data thông tin nhân sự'!B:B,0)) -> 16/12/2025 | O27: Đang sử dụng | R27: Vũ Anh Duy sd tư 08/08/2025 đến ngày 15/12/2025
A28: PC051 | B28: PC | D28: - Chip: AMD Ryzen 9 9950X 16-Core Processor - Ram: 64 GB - Card màn hình: 14 GB - Ổ cứng: 7,28 TB | E28: Khu vực BP Video | F28: Cái | G28: 1 | H28: 25045 | I28: =INDEX('6. data thông tin nhân sự'!C:C,MATCH('03. Chi tiết TS các bộ phận'!H28,'6. data thông tin nhân sự'!B:B,0)) -> Nguyễn Anh Tuấn | J28: =INDEX('6. data thông tin nhân sự'!G:G,MATCH('03. Chi tiết TS các bộ phận'!H28,'6. data thông tin nhân sự'!B:B,0)) -> Sản xuất Video - Video Prodution | K28: =INDEX('6. data thông tin nhân sự'!D:D,MATCH('03. Chi tiết TS các bộ phận'!H28,'6. data thông tin nhân sự'!B:B,0)) -> Chính thức | M28: 46204 | N28: =INDEX('6. data thông tin nhân sự'!N:N, MATCH('03. Chi tiết TS các bộ phận'!H28, '6. data thông tin nhân sự'!B:B,0)) -> 16/12/2025 | O28: Đang sử dụng
A29: BP051 | B29: Bàn phím | E29: Khu vực BP Video | F29: Cái | G29: 1 | H29: 25045 | I29: =INDEX('6. data thông tin nhân sự'!C:C,MATCH('03. Chi tiết TS các bộ phận'!H29,'6. data thông tin nhân sự'!B:B,0)) -> Nguyễn Anh Tuấn | J29: =INDEX('6. data thông tin nhân sự'!G:G,MATCH('03. Chi tiết TS các bộ phận'!H29,'6. data thông tin nhân sự'!B:B,0)) -> Sản xuất Video - Video Prodution | K29: =INDEX('6. data thông tin nhân sự'!D:D,MATCH('03. Chi tiết TS các bộ phận'!H29,'6. data thông tin nhân sự'!B:B,0)) -> Chính thức | M29: 46204 | N29: =INDEX('6. data thông tin nhân sự'!N:N, MATCH('03. Chi tiết TS các bộ phận'!H29, '6. data thông tin nhân sự'!B:B,0)) -> 16/12/2025 | O29: Đang sử dụng
A30: CH051 | B30: Chuột | E30: Khu vực BP Video | F30: Cái | G30: 1 | H30: 25045 | I30: =INDEX('6. data thông tin nhân sự'!C:C,MATCH('03. Chi tiết TS các bộ phận'!H30,'6. data thông tin nhân sự'!B:B,0)) -> Nguyễn Anh Tuấn | J30: =INDEX('6. data thông tin nhân sự'!G:G,MATCH('03. Chi tiết TS các bộ phận'!H30,'6. data thông tin nhân sự'!B:B,0)) -> Sản xuất Video - Video Prodution | K30: =INDEX('6. data thông tin nhân sự'!D:D,MATCH('03. Chi tiết TS các bộ phận'!H30,'6. data thông tin nhân sự'!B:B,0)) -> Chính thức | M30: 46204 | N30: =INDEX('6. data thông tin nhân sự'!N:N, MATCH('03. Chi tiết TS các bộ phận'!H30, '6. data thông tin nhân sự'!B:B,0)) -> 16/12/2025 | O30: Đang sử dụng
A31: PC052 | B31: PC | D31: - Chip: AMD Ryzen 9 9950X 16-Core Processor - Ram: 64 GB - Card màn hình: 16 GB - Ổ cứng: 7,28 TB | E31: Khu vực BP Video | F31: Cái | G31: 1 | H31: 25046 | I31: =INDEX('6. data thông tin nhân sự'!C:C,MATCH('03. Chi tiết TS các bộ phận'!H31,'6. data thông tin nhân sự'!B:B,0)) -> Phùng Vân Anh | J31: =INDEX('6. data thông tin nhân sự'!G:G,MATCH('03. Chi tiết TS các bộ phận'!H31,'6. data thông tin nhân sự'!B:B,0)) -> Sản xuất Video - Video Prodution | K31: =INDEX('6. data thông tin nhân sự'!D:D,MATCH('03. Chi tiết TS các bộ phận'!H31,'6. data thông tin nhân sự'!B:B,0)) -> Chính thức | L31: VD_07 | M31: 46204 | N31: =INDEX('6. data thông tin nhân sự'!N:N, MATCH('03. Chi tiết TS các bộ phận'!H31, '6. data thông tin nhân sự'!B:B,0)) -> 16/12/2025 | O31: Đang sử dụng
A32: MH011 | B32: Màn hình máy tính | C32: Asus pro | E32: Khu vực BP Video | F32: Cái | G32: 1 | H32: 25046 | I32: =INDEX('6. data thông tin nhân sự'!C:C,MATCH('03. Chi tiết TS các bộ phận'!H32,'6. data thông tin nhân sự'!B:B,0)) -> Phùng Vân Anh | J32: =INDEX('6. data thông tin nhân sự'!G:G,MATCH('03. Chi tiết TS các bộ phận'!H32,'6. data thông tin nhân sự'!B:B,0)) -> Sản xuất Video - Video Prodution | K32: =INDEX('6. data thông tin nhân sự'!D:D,MATCH('03. Chi tiết TS các bộ phận'!H32,'6. data thông tin nhân sự'!B:B,0)) -> Chính thức | M32: 46204 | N32: =INDEX('6. data thông tin nhân sự'!N:N, MATCH('03. Chi tiết TS các bộ phận'!H32, '6. data thông tin nhân sự'!B:B,0)) -> 16/12/2025 | O32: Đang sử dụng | R32: 25026 Vũ Hoàng Duy sd tư 08/08/2025 đến ngày 15/12/2025
A33: MH009 | B33: Màn hình máy tính | C33: Asus pro | E33: Khu vực BP Video | F33: Cái | G33: 1 | H33: 25046 | I33: =INDEX('6. data thông tin nhân sự'!C:C,MATCH('03. Chi tiết TS các bộ phận'!H33,'6. data thông tin nhân sự'!B:B,0)) -> Phùng Vân Anh | J33: =INDEX('6. data thông tin nhân sự'!G:G,MATCH('03. Chi tiết TS các bộ phận'!H33,'6. data thông tin nhân sự'!B:B,0)) -> Sản xuất Video - Video Prodution | K33: =INDEX('6. data thông tin nhân sự'!D:D,MATCH('03. Chi tiết TS các bộ phận'!H33,'6. data thông tin nhân sự'!B:B,0)) -> Chính thức | M33: 46204 | N33: =INDEX('6. data thông tin nhân sự'!N:N, MATCH('03. Chi tiết TS các bộ phận'!H33, '6. data thông tin nhân sự'!B:B,0)) -> 16/12/2025 | O33: Đang sử dụng | R33: 25011- Lê Công Hoàng - từ ngày 8/8/2025 trả ngày 28/09/2025 | S33: "25026 Vũ Hoàng Duy Video Đang làm việc 08/08/2025 Đang sử dụng"
A36: II. TRUYỀN THÔNG - MARKETING
A37: OC-008 | B37: Ổ cứng | D37: ổ cứng rời 2TB | E37: Khu vực BP MKT | F37: cái | G37: 1 | H37: 20002 | I37: =INDEX('6. data thông tin nhân sự'!C:C,MATCH('03. Chi tiết TS các bộ phận'!H37,'6. data thông tin nhân sự'!B:B,0)) -> Đào Thị Thùy | J37: =INDEX('6. data thông tin nhân sự'!G:G,MATCH('03. Chi tiết TS các bộ phận'!H37,'6. data thông tin nhân sự'!B:B,0)) -> Truyền thông - Marketing | K37: =INDEX('6. data thông tin nhân sự'!D:D,MATCH('03. Chi tiết TS các bộ phận'!H37,'6. data thông tin nhân sự'!B:B,0)) -> Chính thức | L37: MKT_01 | M37: 46204 | N37: =INDEX('6. data thông tin nhân sự'!N:N, MATCH('03. Chi tiết TS các bộ phận'!H37, '6. data thông tin nhân sự'!B:B,0)) -> 25/05/2020 | O37: Đang sử dụng | R37: 25002 - Phạm Ngọc Anh - TP MKT quản lý - trả lại HCNS ngày 01/06/2026
A38: PC056 | B38: PC | D38: - Chip: AMD Ryzen 5 3500X 6-Core Processor - Ram: 16 GB - Card màn hình: 2 GB - Ổ cứng: 1,38 TB | E38: Khu vực BP MKT | F38: Cái | G38: 1 | H38: 20002 | I38: =INDEX('6. data thông tin nhân sự'!C:C,MATCH('03. Chi tiết TS các bộ phận'!H38,'6. data thông tin nhân sự'!B:B,0)) -> Đào Thị Thùy | J38: =INDEX('6. data thông tin nhân sự'!G:G,MATCH('03. Chi tiết TS các bộ phận'!H38,'6. data thông tin nhân sự'!B:B,0)) -> Truyền thông - Marketing | K38: =INDEX('6. data thông tin nhân sự'!D:D,MATCH('03. Chi tiết TS các bộ phận'!H38,'6. data thông tin nhân sự'!B:B,0)) -> Chính thức | M38: 45839 | N38: =INDEX('6. data thông tin nhân sự'!N:N, MATCH('03. Chi tiết TS các bộ phận'!H38, '6. data thông tin nhân sự'!B:B,0)) -> 25/05/2020 | O38: Đang sử dụng
A39: MH012 | B39: Màn hình máy tính | C39: Dell | E39: Khu vực BP MKT | F39: Cái | G39: 1 | H39: 20002 | I39: =INDEX('6. data thông tin nhân sự'!C:C,MATCH('03. Chi tiết TS các bộ phận'!H39,'6. data thông tin nhân sự'!B:B,0)) -> Đào Thị Thùy | J39: =INDEX('6. data thông tin nhân sự'!G:G,MATCH('03. Chi tiết TS các bộ phận'!H39,'6. data thông tin nhân sự'!B:B,0)) -> Truyền thông - Marketing | K39: =INDEX('6. data thông tin nhân sự'!D:D,MATCH('03. Chi tiết TS các bộ phận'!H39,'6. data thông tin nhân sự'!B:B,0)) -> Chính thức | M39: 45839 | N39: =INDEX('6. data thông tin nhân sự'!N:N, MATCH('03. Chi tiết TS các bộ phận'!H39, '6. data thông tin nhân sự'!B:B,0)) -> 25/05/2020 | O39: Đang sử dụng
A40: BP012 | B40: Bàn phím | C40: Dell | E40: Khu vực BP MKT | F40: Cái | G40: 1 | H40: 20002 | I40: =INDEX('6. data thông tin nhân sự'!C:C,MATCH('03. Chi tiết TS các bộ phận'!H40,'6. data thông tin nhân sự'!B:B,0)) -> Đào Thị Thùy | J40: =INDEX('6. data thông tin nhân sự'!G:G,MATCH('03. Chi tiết TS các bộ phận'!H40,'6. data thông tin nhân sự'!B:B,0)) -> Truyền thông - Marketing | K40: =INDEX('6. data thông tin nhân sự'!D:D,MATCH('03. Chi tiết TS các bộ phận'!H40,'6. data thông tin nhân sự'!B:B,0)) -> Chính thức | M40: 45839 | N40: =INDEX('6. data thông tin nhân sự'!N:N, MATCH('03. Chi tiết TS các bộ phận'!H40, '6. data thông tin nhân sự'!B:B,0)) -> 25/05/2020 | O40: Đang sử dụng
A41: CH012 | B41: Chuột | E41: Khu vực BP MKT | F41: Cái | G41: 1 | H41: 20002 | I41: =INDEX('6. data thông tin nhân sự'!C:C,MATCH('03. Chi tiết TS các bộ phận'!H41,'6. data thông tin nhân sự'!B:B,0)) -> Đào Thị Thùy | J41: =INDEX('6. data thông tin nhân sự'!G:G,MATCH('03. Chi tiết TS các bộ phận'!H41,'6. data thông tin nhân sự'!B:B,0)) -> Truyền thông - Marketing | K41: =INDEX('6. data thông tin nhân sự'!D:D,MATCH('03. Chi tiết TS các bộ phận'!H41,'6. data thông tin nhân sự'!B:B,0)) -> Chính thức | M41: 45839 | N41: =INDEX('6. data thông tin nhân sự'!N:N, MATCH('03. Chi tiết TS các bộ phận'!H41, '6. data thông tin nhân sự'!B:B,0)) -> 25/05/2020 | O41: Đang sử dụng
A42: PC057 | B42: PC | D42: - Chip: AMD Ryzen 5 3600 6-Core Processor - Ram: 16 GB - Card màn hình: 4 GB - Ổ cứng: 1,14 TB | E42: Khu vực BP MKT | F42: Cái | G42: 1 | H42: 22002 | I42: =INDEX('6. data thông tin nhân sự'!C:C,MATCH('03. Chi tiết TS các bộ phận'!H42,'6. data thông tin nhân sự'!B:B,0)) -> Ngô Khánh Vi | J42: =INDEX('6. data thông tin nhân sự'!G:G,MATCH('03. Chi tiết TS các bộ phận'!H42,'6. data thông tin nhân sự'!B:B,0)) -> Truyền thông - Marketing | K42: =INDEX('6. data thông tin nhân sự'!D:D,MATCH('03. Chi tiết TS các bộ phận'!H42,'6. data thông tin nhân sự'!B:B,0)) -> Chính thức | L42: MKT_02 | M42: 46204 | N42: =INDEX('6. data thông tin nhân sự'!N:N, MATCH('03. Chi tiết TS các bộ phận'!H42, '6. data thông tin nhân sự'!B:B,0)) -> 09/05/2022 | O42: Đang sử dụng
A43: MH013 | B43: Màn hình máy tính | C43: Dell | E43: Khu vực BP MKT | F43: Cái | G43: 1 | H43: 22002 | I43: =INDEX('6. data thông tin nhân sự'!C:C,MATCH('03. Chi tiết TS các bộ phận'!H43,'6. data thông tin nhân sự'!B:B,0)) -> Ngô Khánh Vi | J43: =INDEX('6. data thông tin nhân sự'!G:G,MATCH('03. Chi tiết TS các bộ phận'!H43,'6. data thông tin nhân sự'!B:B,0)) -> Truyền thông - Marketing | K43: =INDEX('6. data thông tin nhân sự'!D:D,MATCH('03. Chi tiết TS các bộ phận'!H43,'6. data thông tin nhân sự'!B:B,0)) -> Chính thức | M43: 46204 | N43: =INDEX('6. data thông tin nhân sự'!N:N, MATCH('03. Chi tiết TS các bộ phận'!H43, '6. data thông tin nhân sự'!B:B,0)) -> 09/05/2022 | O43: Đang sử dụng
A44: BP013 | B44: Bàn phím | E44: Khu vực BP MKT | F44: Cái | G44: 1 | H44: 22002 | I44: =INDEX('6. data thông tin nhân sự'!C:C,MATCH('03. Chi tiết TS các bộ phận'!H44,'6. data thông tin nhân sự'!B:B,0)) -> Ngô Khánh Vi | J44: =INDEX('6. data thông tin nhân sự'!G:G,MATCH('03. Chi tiết TS các bộ phận'!H44,'6. data thông tin nhân sự'!B:B,0)) -> Truyền thông - Marketing | K44: =INDEX('6. data thông tin nhân sự'!D:D,MATCH('03. Chi tiết TS các bộ phận'!H44,'6. data thông tin nhân sự'!B:B,0)) -> Chính thức | M44: 46204 | N44: =INDEX('6. data thông tin nhân sự'!N:N, MATCH('03. Chi tiết TS các bộ phận'!H44, '6. data thông tin nhân sự'!B:B,0)) -> 09/05/2022 | O44: Đang sử dụng
A45: CH013 | B45: Chuột | E45: Khu vực BP MKT | F45: Cái | G45: 1 | H45: 22002 | I45: =INDEX('6. data thông tin nhân sự'!C:C,MATCH('03. Chi tiết TS các bộ phận'!H45,'6. data thông tin nhân sự'!B:B,0)) -> Ngô Khánh Vi | J45: =INDEX('6. data thông tin nhân sự'!G:G,MATCH('03. Chi tiết TS các bộ phận'!H45,'6. data thông tin nhân sự'!B:B,0)) -> Truyền thông - Marketing | K45: =INDEX('6. data thông tin nhân sự'!D:D,MATCH('03. Chi tiết TS các bộ phận'!H45,'6. data thông tin nhân sự'!B:B,0)) -> Chính thức | M45: 46204 | N45: =INDEX('6. data thông tin nhân sự'!N:N, MATCH('03. Chi tiết TS các bộ phận'!H45, '6. data thông tin nhân sự'!B:B,0)) -> 09/05/2022 | O45: Đang sử dụng
A46: LT001 | B46: Laptop | D46: - Chip: 12th Gen Intel(R) Core(TM) i5-1235U - Ram: 16 GB - Card màn hình: 128 MB - Ổ cứng: 477 GB | E46: Khu vực BP MKT | F46: Cái | G46: 1 | H46: 26019 | I46: =INDEX('6. data thông tin nhân sự'!C:C,MATCH('03. Chi tiết TS các bộ phận'!H46,'6. data thông tin nhân sự'!B:B,0)) -> Vũ Thị Bích Ngọc | J46: =INDEX('6. data thông tin nhân sự'!G:G,MATCH('03. Chi tiết TS các bộ phận'!H46,'6. data thông tin nhân sự'!B:B,0)) -> Truyền thông - Marketing | K46: =INDEX('6. data thông tin nhân sự'!D:D,MATCH('03. Chi tiết TS các bộ phận'!H46,'6. data thông tin nhân sự'!B:B,0)) -> Chính thức | L46: MKT_03 | M46: 46204 | N46: =INDEX('6. data thông tin nhân sự'!N:N, MATCH('03. Chi tiết TS các bộ phận'!H46, '6. data thông tin nhân sự'!B:B,0)) -> 18/06/2026 | O46: Đang sử dụng | R46: Nguyễn Hồng Nhung sd từ ngày 08/08/2026 đến ngày 01/06/2026 bàn giao lại HCNS 01/06/2026
A47: CH007 | B47: Chuột | E47: Khu vực BP MKT | F47: Cái | G47: 1 | H47: 26019 | I47: =INDEX('6. data thông tin nhân sự'!C:C,MATCH('03. Chi tiết TS các bộ phận'!H47,'6. data thông tin nhân sự'!B:B,0)) -> Vũ Thị Bích Ngọc | J47: =INDEX('6. data thông tin nhân sự'!G:G,MATCH('03. Chi tiết TS các bộ phận'!H47,'6. data thông tin nhân sự'!B:B,0)) -> Truyền thông - Marketing | K47: =INDEX('6. data thông tin nhân sự'!D:D,MATCH('03. Chi tiết TS các bộ phận'!H47,'6. data thông tin nhân sự'!B:B,0)) -> Chính thức | M47: 46204 | N47: =INDEX('6. data thông tin nhân sự'!N:N, MATCH('03. Chi tiết TS các bộ phận'!H47, '6. data thông tin nhân sự'!B:B,0)) -> 18/06/2026 | O47: Đang sử dụng | R47: Nguyễn Hồng Nhung sd từ ngày 08/08/2026 đến ngày 01/06/2026 bàn giao lại HCNS 01/06/2026
A48: III. SÁNG TẠO - CREATIVE
A49: LT003 | B49: Laptop | D49: - Chip: Intel(R) Core(TM) i7-1065G7 CPU @ 1.30GHz - Ram: 32 GB - Card màn hình: 128 MB - Ổ cứng: 954 GB - Màu sắc: bạc | E49: Phòng Creative | F49: Cái | G49: 1 | H49: 20003 | I49: =INDEX('6. data thông tin nhân sự'!C:C,MATCH('03. Chi tiết TS các bộ phận'!H49,'6. data thông tin nhân sự'!B:B,0)) -> Nguyễn Mạnh Hoàng | J49: =INDEX('6. data thông tin nhân sự'!G:G,MATCH('03. Chi tiết TS các bộ phận'!H49,'6. data thông tin nhân sự'!B:B,0)) -> Sáng tạo - Creative | K49: =INDEX('6. data thông tin nhân sự'!D:D,MATCH('03. Chi tiết TS các bộ phận'!H49,'6. data thông tin nhân sự'!B:B,0)) -> Chính thức | L49: CR_01 | M49: 46217 | N49: =INDEX('6. data thông tin nhân sự'!N:N, MATCH('03. Chi tiết TS các bộ phận'!H49, '6. data thông tin nhân sự'!B:B,0)) -> 30/09/2020 | O49: Đang sử dụng | Q49: Hoàng quản lý và máy dùng cho 2 bạn concept artist dùng khi đi công tác
A50: LT004 | B50: Laptop | D50: - Chip: Snapdragon(R) X 12- Core X1E80100 @ 3.40 GHz - Ram: 32 GB - Card màn hình: 128 MB - Ổ cứng: 954 GB - Màu sắc: bạc | E50: Phòng Creative | F50: Cái | G50: 1 | H50: 20003 | I50: =INDEX('6. data thông tin nhân sự'!C:C,MATCH('03. Chi tiết TS các bộ phận'!H50,'6. data thông tin nhân sự'!B:B,0)) -> Nguyễn Mạnh Hoàng | J50: =INDEX('6. data thông tin nhân sự'!G:G,MATCH('03. Chi tiết TS các bộ phận'!H50,'6. data thông tin nhân sự'!B:B,0)) -> Sáng tạo - Creative | K50: =INDEX('6. data thông tin nhân sự'!D:D,MATCH('03. Chi tiết TS các bộ phận'!H50,'6. data thông tin nhân sự'!B:B,0)) -> Chính thức | M50: 46217 | N50: 46183 | O50: Đang sử dụng | P50: 1517945_Phiếu bảo hành SurfacePro11 phòng Creative.pdf | Q50: Mua mới ngày 10/06/2026 cấp cho Mạnh Hoàng | R50: Mạnh Hoàng - TP Creative
A51: BP036 | B51: Bàn phím | E51: Khu vực BP Creative | F51: Cái | G51: 1 | H51: 20003 | I51: =INDEX('6. data thông tin nhân sự'!C:C,MATCH('03. Chi tiết TS các bộ phận'!H51,'6. data thông tin nhân sự'!B:B,0)) -> Nguyễn Mạnh Hoàng | J51: =INDEX('6. data thông tin nhân sự'!G:G,MATCH('03. Chi tiết TS các bộ phận'!H51,'6. data thông tin nhân sự'!B:B,0)) -> Sáng tạo - Creative | K51: =INDEX('6. data thông tin nhân sự'!D:D,MATCH('03. Chi tiết TS các bộ phận'!H51,'6. data thông tin nhân sự'!B:B,0)) -> Chính thức | M51: 46217 | N51: =INDEX('6. data thông tin nhân sự'!N:N, MATCH('03. Chi tiết TS các bộ phận'!H51, '6. data thông tin nhân sự'!B:B,0)) -> 30/09/2020 | O51: Đang sử dụng
A52: OC-007 | B52: Ổ cứng | D52: 1TB | E52: Khu vực BP Creative | F52: cái | G52: 1 | H52: 20003 | I52: =INDEX('6. data thông tin nhân sự'!C:C,MATCH('03. Chi tiết TS các bộ phận'!H52,'6. data thông tin nhân sự'!B:B,0)) -> Nguyễn Mạnh Hoàng | J52: =INDEX('6. data thông tin nhân sự'!G:G,MATCH('03. Chi tiết TS các bộ phận'!H52,'6. data thông tin nhân sự'!B:B,0)) -> Sáng tạo - Creative | K52: =INDEX('6. data thông tin nhân sự'!D:D,MATCH('03. Chi tiết TS các bộ phận'!H52,'6. data thông tin nhân sự'!B:B,0)) -> Chính thức | M52: 46217 | N52: =INDEX('6. data thông tin nhân sự'!N:N, MATCH('03. Chi tiết TS các bộ phận'!H52, '6. data thông tin nhân sự'!B:B,0)) -> 30/09/2020 | O52: Đang sử dụng
A53: MH015 | B53: Màn hình máy tính | C53: Dell | E53: Khu vực BP Creative | F53: Cái | G53: 1 | H53: 21003 | I53: =INDEX('6. data thông tin nhân sự'!C:C,MATCH('03. Chi tiết TS các bộ phận'!H53,'6. data thông tin nhân sự'!B:B,0)) -> Đặng Đức Hoàng | J53: =INDEX('6. data thông tin nhân sự'!G:G,MATCH('03. Chi tiết TS các bộ phận'!H53,'6. data thông tin nhân sự'!B:B,0)) -> Sáng tạo - Creative | K53: =INDEX('6. data thông tin nhân sự'!D:D,MATCH('03. Chi tiết TS các bộ phận'!H53,'6. data thông tin nhân sự'!B:B,0)) -> Chính thức | L53: CR_02 | M53: 46217 | N53: =INDEX('6. data thông tin nhân sự'!N:N, MATCH('03. Chi tiết TS các bộ phận'!H53, '6. data thông tin nhân sự'!B:B,0)) -> 19/05/2021 | O53: Đang sử dụng
A54: LT007 | B54: Laptop | D54: - Màu sắc: bạc - Cấu hình: M5-16gb-512GB ssd | E54: Khu vực BP Creative | F54: Cái | G54: 1 | H54: 21003 | I54: =INDEX('6. data thông tin nhân sự'!C:C,MATCH('03. Chi tiết TS các bộ phận'!H54,'6. data thông tin nhân sự'!B:B,0)) -> Đặng Đức Hoàng | J54: =INDEX('6. data thông tin nhân sự'!G:G,MATCH('03. Chi tiết TS các bộ phận'!H54,'6. data thông tin nhân sự'!B:B,0)) -> Sáng tạo - Creative | K54: =INDEX('6. data thông tin nhân sự'!D:D,MATCH('03. Chi tiết TS các bộ phận'!H54,'6. data thông tin nhân sự'!B:B,0)) -> Chính thức | M54: 46223 | N54: 46223 | O54: Đang sử dụng | Q54: Mua mới ngày 20/07/2026 cấp cho Đức Hoàng
A55: OC-009 | B55: Ổ cứng | C55: SSD Kingston | D55: - 1TB - Ổ cứng rời | E55: Khu vực BP Creative | F55: Cái | G55: 1 | H55: 21003 | I55: =INDEX('6. data thông tin nhân sự'!C:C,MATCH('03. Chi tiết TS các bộ phận'!H55,'6. data thông tin nhân sự'!B:B,0)) -> Đặng Đức Hoàng | J55: =INDEX('6. data thông tin nhân sự'!G:G,MATCH('03. Chi tiết TS các bộ phận'!H55,'6. data thông tin nhân sự'!B:B,0)) -> Sáng tạo - Creative | K55: =INDEX('6. data thông tin nhân sự'!D:D,MATCH('03. Chi tiết TS các bộ phận'!H55,'6. data thông tin nhân sự'!B:B,0)) -> Chính thức | M55: 46223 | N55: 46048 | O55: Đang sử dụng | Q55: Mua mới ngày 26/01/2026 cấp cho Đức Hoàng
A56: PC015 | B56: PC | D56: - Chip: Intel(R) Core(TM) i5-10400 CPU @ 2.90GHz - Ram: 16 GB - Card màn hình: 128 MB - Ổ cứng: 1.13 TB | E56: Khu vực BP Creative | F56: Cái | G56: 1 | H56: 24003 | I56: =INDEX('6. data thông tin nhân sự'!C:C,MATCH('03. Chi tiết TS các bộ phận'!H56,'6. data thông tin nhân sự'!B:B,0)) -> Nguyễn Thị Hà Giang | J56: =INDEX('6. data thông tin nhân sự'!G:G,MATCH('03. Chi tiết TS các bộ phận'!H56,'6. data thông tin nhân sự'!B:B,0)) -> Sáng tạo - Creative | K56: =INDEX('6. data thông tin nhân sự'!D:D,MATCH('03. Chi tiết TS các bộ phận'!H56,'6. data thông tin nhân sự'!B:B,0)) -> Chính thức | L56: CR_03 | M56: 46217 | N56: 46197 | O56: Đang sử dụng | R56: Đặng Đức Hoàng Creative sd từ ngày 08/08/2025 đến ngày 24/06/2026 bàn giao lại cho HCNS
A57: MH045 | B57: Màn hình máy tính | C57: Dell | E57: Khu vực BP Creative | F57: Cái | G57: 1 | H57: 24003 | I57: =INDEX('6. data thông tin nhân sự'!C:C,MATCH('03. Chi tiết TS các bộ phận'!H57,'6. data thông tin nhân sự'!B:B,0)) -> Nguyễn Thị Hà Giang | J57: =INDEX('6. data thông tin nhân sự'!G:G,MATCH('03. Chi tiết TS các bộ phận'!H57,'6. data thông tin nhân sự'!B:B,0)) -> Sáng tạo - Creative | K57: =INDEX('6. data thông tin nhân sự'!D:D,MATCH('03. Chi tiết TS các bộ phận'!H57,'6. data thông tin nhân sự'!B:B,0)) -> Chính thức | M57: 46217 | N57: =INDEX('6. data thông tin nhân sự'!N:N, MATCH('03. Chi tiết TS các bộ phận'!H57, '6. data thông tin nhân sự'!B:B,0)) -> 01/04/2024 | O57: Đang sử dụng
A58: PC036 | B58: PC | D58: - Chip: Intel(R) Core(TM) i7-10700 CPU@ 2.90GHz - Ram: 16 GB - Card màn hình: 128 MB - Ổ cứng: 1.14 TB | E58: Khu vực BP Creative | F58: Cái | G58: 1 | H58: 26023 | I58: =INDEX('6. data thông tin nhân sự'!C:C,MATCH('03. Chi tiết TS các bộ phận'!H58,'6. data thông tin nhân sự'!B:B,0)) -> Lê Đức Minh | J58: =INDEX('6. data thông tin nhân sự'!G:G,MATCH('03. Chi tiết TS các bộ phận'!H58,'6. data thông tin nhân sự'!B:B,0)) -> Sáng tạo - Creative | K58: =INDEX('6. data thông tin nhân sự'!D:D,MATCH('03. Chi tiết TS các bộ phận'!H58,'6. data thông tin nhân sự'!B:B,0)) -> Thử việc | L58: CR_04 | M58: 46237 | N58: =INDEX('6. data thông tin nhân sự'!N:N, MATCH('03. Chi tiết TS các bộ phận'!H58, '6. data thông tin nhân sự'!B:B,0)) -> 03/08/2026 | O58: Đang sử dụng | R58: Nguyễn Chí Hiếu Creative sd từ ngày 14/07/2026 đến ngày 31/07/2026 bàn giao lại cho HCNS | S58: Lê Đức Minh - Creative đang sử dụng 03/08/2026
A59: MH036 | B59: Màn hình máy tính | C59: Dell | E59: Khu vực BP Creative | F59: Cái | G59: 1 | H59: 26023 | I59: =INDEX('6. data thông tin nhân sự'!C:C,MATCH('03. Chi tiết TS các bộ phận'!H59,'6. data thông tin nhân sự'!B:B,0)) -> Lê Đức Minh | J59: =INDEX('6. data thông tin nhân sự'!G:G,MATCH('03. Chi tiết TS các bộ phận'!H59,'6. data thông tin nhân sự'!B:B,0)) -> Sáng tạo - Creative | K59: =INDEX('6. data thông tin nhân sự'!D:D,MATCH('03. Chi tiết TS các bộ phận'!H59,'6. data thông tin nhân sự'!B:B,0)) -> Thử việc | M59: 46237 | N59: =INDEX('6. data thông tin nhân sự'!N:N, MATCH('03. Chi tiết TS các bộ phận'!H59, '6. data thông tin nhân sự'!B:B,0)) -> 03/08/2026 | O59: Đang sử dụng
A60: CH016 | B60: Chuột | E60: Khu vực BP Creative | F60: Cái | G60: 1 | H60: 26023 | I60: =INDEX('6. data thông tin nhân sự'!C:C,MATCH('03. Chi tiết TS các bộ phận'!H60,'6. data thông tin nhân sự'!B:B,0)) -> Lê Đức Minh | J60: =INDEX('6. data thông tin nhân sự'!G:G,MATCH('03. Chi tiết TS các bộ phận'!H60,'6. data thông tin nhân sự'!B:B,0)) -> Sáng tạo - Creative | K60: =INDEX('6. data thông tin nhân sự'!D:D,MATCH('03. Chi tiết TS các bộ phận'!H60,'6. data thông tin nhân sự'!B:B,0)) -> Thử việc | M60: 46237 | N60: =INDEX('6. data thông tin nhân sự'!N:N, MATCH('03. Chi tiết TS các bộ phận'!H60, '6. data thông tin nhân sự'!B:B,0)) -> 03/08/2026 | O60: Đang sử dụng
A61: PC033 | B61: PC | D61: - Chip: Intel(R) Core(TM) i7-10700 CPU @ 2.90GHz - Ram: 16 GB - Card màn hình: 128 MB - Ổ cứng: 2.26 TB | E61: Khu vực BP Creative | F61: Cái | G61: 1 | H61: 26001 | I61: =INDEX('6. data thông tin nhân sự'!C:C,MATCH('03. Chi tiết TS các bộ phận'!H61,'6. data thông tin nhân sự'!B:B,0)) -> Tô Hồng Đức | J61: =INDEX('6. data thông tin nhân sự'!G:G,MATCH('03. Chi tiết TS các bộ phận'!H61,'6. data thông tin nhân sự'!B:B,0)) -> Sáng tạo - Creative | K61: =INDEX('6. data thông tin nhân sự'!D:D,MATCH('03. Chi tiết TS các bộ phận'!H61,'6. data thông tin nhân sự'!B:B,0)) -> Chính thức | L61: CR_05 | M61: 46217 | N61: =INDEX('6. data thông tin nhân sự'!N:N, MATCH('03. Chi tiết TS các bộ phận'!H61, '6. data thông tin nhân sự'!B:B,0)) -> 05/01/2026 | O61: Đang sử dụng
A62: MH017 | B62: Màn hình máy tính | C62: Dell | E62: Khu vực BP Creative | F62: Cái | G62: 1 | H62: 26001 | I62: =INDEX('6. data thông tin nhân sự'!C:C,MATCH('03. Chi tiết TS các bộ phận'!H62,'6. data thông tin nhân sự'!B:B,0)) -> Tô Hồng Đức | J62: =INDEX('6. data thông tin nhân sự'!G:G,MATCH('03. Chi tiết TS các bộ phận'!H62,'6. data thông tin nhân sự'!B:B,0)) -> Sáng tạo - Creative | K62: =INDEX('6. data thông tin nhân sự'!D:D,MATCH('03. Chi tiết TS các bộ phận'!H62,'6. data thông tin nhân sự'!B:B,0)) -> Chính thức | M62: 46217 | N62: =INDEX('6. data thông tin nhân sự'!N:N, MATCH('03. Chi tiết TS các bộ phận'!H62, '6. data thông tin nhân sự'!B:B,0)) -> 05/01/2026 | O62: Đang sử dụng
A63: BP016 | B63: Bàn phím | E63: Khu vực BP Creative | F63: Cái | G63: 1 | H63: 26001 | I63: =INDEX('6. data thông tin nhân sự'!C:C,MATCH('03. Chi tiết TS các bộ phận'!H63,'6. data thông tin nhân sự'!B:B,0)) -> Tô Hồng Đức | J63: =INDEX('6. data thông tin nhân sự'!G:G,MATCH('03. Chi tiết TS các bộ phận'!H63,'6. data thông tin nhân sự'!B:B,0)) -> Sáng tạo - Creative | K63: =INDEX('6. data thông tin nhân sự'!D:D,MATCH('03. Chi tiết TS các bộ phận'!H63,'6. data thông tin nhân sự'!B:B,0)) -> Chính thức | M63: 46217 | N63: =INDEX('6. data thông tin nhân sự'!N:N, MATCH('03. Chi tiết TS các bộ phận'!H63, '6. data thông tin nhân sự'!B:B,0)) -> 05/01/2026 | O63: Đang sử dụng
A64: CH064 | B64: Chuột | E64: Khu vực BP Creative | F64: Cái | G64: 1 | H64: 26001 | I64: =INDEX('6. data thông tin nhân sự'!C:C,MATCH('03. Chi tiết TS các bộ phận'!H64,'6. data thông tin nhân sự'!B:B,0)) -> Tô Hồng Đức | J64: =INDEX('6. data thông tin nhân sự'!G:G,MATCH('03. Chi tiết TS các bộ phận'!H64,'6. data thông tin nhân sự'!B:B,0)) -> Sáng tạo - Creative | K64: =INDEX('6. data thông tin nhân sự'!D:D,MATCH('03. Chi tiết TS các bộ phận'!H64,'6. data thông tin nhân sự'!B:B,0)) -> Chính thức | M64: 46237 | N64: =INDEX('6. data thông tin nhân sự'!N:N, MATCH('03. Chi tiết TS các bộ phận'!H64, '6. data thông tin nhân sự'!B:B,0)) -> 05/01/2026 | O64: Đang sử dụng
A65: LT002 | B65: Laptop | D65: - Chip: Intel(R) Core(TM) i7-1065G7 CPU @ 1.30GHZ - Ram: 16 GB - Card màn hình: 128 MB - Ổ cứng: 954 GB - Màu: bạc | E65: Phòng Creative | F65: Cái | G65: 1 | H65: 25042 | I65: =INDEX('6. data thông tin nhân sự'!C:C,MATCH('03. Chi tiết TS các bộ phận'!H65,'6. data thông tin nhân sự'!B:B,0)) -> Nguyễn Thị Thu Giang | J65: =INDEX('6. data thông tin nhân sự'!G:G,MATCH('03. Chi tiết TS các bộ phận'!H65,'6. data thông tin nhân sự'!B:B,0)) -> Sáng tạo - Creative | K65: =INDEX('6. data thông tin nhân sự'!D:D,MATCH('03. Chi tiết TS các bộ phận'!H65,'6. data thông tin nhân sự'!B:B,0)) -> Chính thức | L65: CR_06 | M65: 46217 | N65: =INDEX('6. data thông tin nhân sự'!N:N, MATCH('03. Chi tiết TS các bộ phận'!H65, '6. data thông tin nhân sự'!B:B,0)) -> 01/12/2025 | O65: Đang sử dụng | R65: Sếp Yến | S65: Mr. Hưng - TP Creative | T65: 20003 -Nguyễn Mạnh Hoàng - TP creative dùng - trả lại HCNS ngày 22/06/2026
A66: KHÁC | B66: Sạc Surface | E66: Khu vực BP Creative | F66: Cái | G66: 1 | H66: 25042 | I66: =INDEX('6. data thông tin nhân sự'!C:C,MATCH('03. Chi tiết TS các bộ phận'!H66,'6. data thông tin nhân sự'!B:B,0)) -> Nguyễn Thị Thu Giang | J66: =INDEX('6. data thông tin nhân sự'!G:G,MATCH('03. Chi tiết TS các bộ phận'!H66,'6. data thông tin nhân sự'!B:B,0)) -> Sáng tạo - Creative | K66: =INDEX('6. data thông tin nhân sự'!D:D,MATCH('03. Chi tiết TS các bộ phận'!H66,'6. data thông tin nhân sự'!B:B,0)) -> Chính thức | M66: 46217 | N66: =INDEX('6. data thông tin nhân sự'!N:N, MATCH('03. Chi tiết TS các bộ phận'!H66, '6. data thông tin nhân sự'!B:B,0)) -> 01/12/2025 | O66: Đang sử dụng
A67: IV. SỰ KIỆN - EVENT
A68: PC021 | B68: PC | D68: - Chip: Intel(R) Core(TM) i7-8700 CPU @ 3.20GHz - Ram: 16 GB - Card màn hình: 3 GB - Ổ cứng: 1.14 TB | E68: Khu vực BP Event | F68: Cái | G68: 1 | H68: 24001 | I68: =INDEX('6. data thông tin nhân sự'!C:C,MATCH('03. Chi tiết TS các bộ phận'!H68,'6. data thông tin nhân sự'!B:B,0)) -> Lê Lâm Cường | J68: =INDEX('6. data thông tin nhân sự'!G:G,MATCH('03. Chi tiết TS các bộ phận'!H68,'6. data thông tin nhân sự'!B:B,0)) -> Sự kiện - Event | K68: =INDEX('6. data thông tin nhân sự'!D:D,MATCH('03. Chi tiết TS các bộ phận'!H68,'6. data thông tin nhân sự'!B:B,0)) -> Nghỉ việc | L68: EV_01 | M68: 46204 | N68: =INDEX('6. data thông tin nhân sự'!N:N, MATCH('03. Chi tiết TS các bộ phận'!H68, '6. data thông tin nhân sự'!B:B,0)) -> 01/04/2024 | O68: Đang sử dụng
A69: MH021 | B69: Màn hình máy tính | C69: Dell | E69: Khu vực BP Event | F69: Cái | G69: 1 | H69: 24001 | I69: =INDEX('6. data thông tin nhân sự'!C:C,MATCH('03. Chi tiết TS các bộ phận'!H69,'6. data thông tin nhân sự'!B:B,0)) -> Lê Lâm Cường | J69: =INDEX('6. data thông tin nhân sự'!G:G,MATCH('03. Chi tiết TS các bộ phận'!H69,'6. data thông tin nhân sự'!B:B,0)) -> Sự kiện - Event | K69: =INDEX('6. data thông tin nhân sự'!D:D,MATCH('03. Chi tiết TS các bộ phận'!H69,'6. data thông tin nhân sự'!B:B,0)) -> Nghỉ việc | M69: 46204 | N69: =INDEX('6. data thông tin nhân sự'!N:N, MATCH('03. Chi tiết TS các bộ phận'!H69, '6. data thông tin nhân sự'!B:B,0)) -> 01/04/2024 | O69: Đang sử dụng
A70: LT005 | B70: Laptop | C70: Máy tính Dell | D70: - Ram - Card màn hình - Màu sắc: | E70: Khu vực BP Event | F70: Cái | G70: 1 | H70: 24001 | I70: =INDEX('6. data thông tin nhân sự'!C:C,MATCH('03. Chi tiết TS các bộ phận'!H70,'6. data thông tin nhân sự'!B:B,0)) -> Lê Lâm Cường | J70: =INDEX('6. data thông tin nhân sự'!G:G,MATCH('03. Chi tiết TS các bộ phận'!H70,'6. data thông tin nhân sự'!B:B,0)) -> Sự kiện - Event | K70: =INDEX('6. data thông tin nhân sự'!D:D,MATCH('03. Chi tiết TS các bộ phận'!H70,'6. data thông tin nhân sự'!B:B,0)) -> Nghỉ việc | M70: 46204 | N70: =INDEX('6. data thông tin nhân sự'!N:N, MATCH('03. Chi tiết TS các bộ phận'!H70, '6. data thông tin nhân sự'!B:B,0)) -> 01/04/2024 | O70: Đang sử dụng | Q70: Cường quản lý và máy dùng chung cho phòng Event đi công tác
A71: PC050 | B71: PC | D71: - Chip: Intel(R) Core(TM) i5-14600KF - Ram: 32 GB - Card màn hình: 12 GB - Ổ cứng: 954 GB | E71: Khu vực BP Event | F71: Cái | G71: 1 | H71: 22001 | I71: =INDEX('6. data thông tin nhân sự'!C:C,MATCH('03. Chi tiết TS các bộ phận'!H71,'6. data thông tin nhân sự'!B:B,0)) -> Bùi Xuân Dân | J71: =INDEX('6. data thông tin nhân sự'!G:G,MATCH('03. Chi tiết TS các bộ phận'!H71,'6. data thông tin nhân sự'!B:B,0)) -> Sự kiện - Event | K71: =INDEX('6. data thông tin nhân sự'!D:D,MATCH('03. Chi tiết TS các bộ phận'!H71,'6. data thông tin nhân sự'!B:B,0)) -> Chính thức | L71: EV_02 | M71: 46204 | N71: 45931 | O71: Đang sử dụng | P71: Phiếu BH | Q71: PC050 - mới mua ngày 1/10/2025
A72: MH050 | B72: Màn hình máy tính | C72: Dell | E72: Khu vực BP Event | F72: Cái | G72: 1 | H72: 22001 | I72: =INDEX('6. data thông tin nhân sự'!C:C,MATCH('03. Chi tiết TS các bộ phận'!H72,'6. data thông tin nhân sự'!B:B,0)) -> Bùi Xuân Dân | J72: =INDEX('6. data thông tin nhân sự'!G:G,MATCH('03. Chi tiết TS các bộ phận'!H72,'6. data thông tin nhân sự'!B:B,0)) -> Sự kiện - Event | K72: =INDEX('6. data thông tin nhân sự'!D:D,MATCH('03. Chi tiết TS các bộ phận'!H72,'6. data thông tin nhân sự'!B:B,0)) -> Chính thức | M72: 46204 | N72: 45931 | O72: Đang sử dụng | Q72: MH050 - mới mua ngày 1/10/2025
A73: PC019 | B73: PC | D73: - Chip: 13th Gen Intel(R) Core(TM) i5-13400F - Ram: 16 GB - Card màn hình: 8 GB - 466 GB | E73: Khu vực BP Event | F73: Cái | G73: 1 | H73: 23008 | I73: =INDEX('6. data thông tin nhân sự'!C:C,MATCH('03. Chi tiết TS các bộ phận'!H73,'6. data thông tin nhân sự'!B:B,0)) -> Hoàng Hà Giang | J73: =INDEX('6. data thông tin nhân sự'!G:G,MATCH('03. Chi tiết TS các bộ phận'!H73,'6. data thông tin nhân sự'!B:B,0)) -> Sự kiện - Event | K73: =INDEX('6. data thông tin nhân sự'!D:D,MATCH('03. Chi tiết TS các bộ phận'!H73,'6. data thông tin nhân sự'!B:B,0)) -> Chính thức | L73: EV_03 | M73: 46204 | N73: =INDEX('6. data thông tin nhân sự'!N:N, MATCH('03. Chi tiết TS các bộ phận'!H73, '6. data thông tin nhân sự'!B:B,0)) -> 01/12/2023 | O73: Đang sử dụng
A74: MH019 | B74: Màn hình máy tính | C74: Dell | E74: Khu vực BP Event | F74: Cái | G74: 1 | H74: 23008 | I74: =INDEX('6. data thông tin nhân sự'!C:C,MATCH('03. Chi tiết TS các bộ phận'!H74,'6. data thông tin nhân sự'!B:B,0)) -> Hoàng Hà Giang | J74: =INDEX('6. data thông tin nhân sự'!G:G,MATCH('03. Chi tiết TS các bộ phận'!H74,'6. data thông tin nhân sự'!B:B,0)) -> Sự kiện - Event | K74: =INDEX('6. data thông tin nhân sự'!D:D,MATCH('03. Chi tiết TS các bộ phận'!H74,'6. data thông tin nhân sự'!B:B,0)) -> Chính thức | M74: 46204 | N74: =INDEX('6. data thông tin nhân sự'!N:N, MATCH('03. Chi tiết TS các bộ phận'!H74, '6. data thông tin nhân sự'!B:B,0)) -> 01/12/2023 | O74: Đang sử dụng
A75: PC020 | B75: PC | D75: -Chip: Intel(R) Core(TM) i3-10105F CPU @ 3.70GHz - Ram: 16 GB - Card màn hình: 4 GB - Ổ cứng: 1.48 TB | E75: Khu vực BP Event | F75: Cái | G75: 1 | H75: 25028 | I75: =INDEX('6. data thông tin nhân sự'!C:C,MATCH('03. Chi tiết TS các bộ phận'!H75,'6. data thông tin nhân sự'!B:B,0)) -> Nguyễn Phương Anh | J75: =INDEX('6. data thông tin nhân sự'!G:G,MATCH('03. Chi tiết TS các bộ phận'!H75,'6. data thông tin nhân sự'!B:B,0)) -> Sự kiện - Event | K75: =INDEX('6. data thông tin nhân sự'!D:D,MATCH('03. Chi tiết TS các bộ phận'!H75,'6. data thông tin nhân sự'!B:B,0)) -> Chính thức | L75: EV_04 | M75: 46204 | N75: =INDEX('6. data thông tin nhân sự'!N:N, MATCH('03. Chi tiết TS các bộ phận'!H75, '6. data thông tin nhân sự'!B:B,0)) -> 04/08/2025 | O75: Đang sử dụng
A76: MH020 | B76: Màn hình máy tính | C76: Dell | E76: Khu vực BP Event | F76: Cái | G76: 1 | H76: 25028 | I76: =INDEX('6. data thông tin nhân sự'!C:C,MATCH('03. Chi tiết TS các bộ phận'!H76,'6. data thông tin nhân sự'!B:B,0)) -> Nguyễn Phương Anh | J76: =INDEX('6. data thông tin nhân sự'!G:G,MATCH('03. Chi tiết TS các bộ phận'!H76,'6. data thông tin nhân sự'!B:B,0)) -> Sự kiện - Event | K76: =INDEX('6. data thông tin nhân sự'!D:D,MATCH('03. Chi tiết TS các bộ phận'!H76,'6. data thông tin nhân sự'!B:B,0)) -> Chính thức | M76: 46204 | N76: =INDEX('6. data thông tin nhân sự'!N:N, MATCH('03. Chi tiết TS các bộ phận'!H76, '6. data thông tin nhân sự'!B:B,0)) -> 04/08/2025 | O76: Đang sử dụng
A77: CH020 | B77: Chuột | E77: Khu vực BP Event | F77: Cái | G77: 1 | H77: 25028 | I77: =INDEX('6. data thông tin nhân sự'!C:C,MATCH('03. Chi tiết TS các bộ phận'!H77,'6. data thông tin nhân sự'!B:B,0)) -> Nguyễn Phương Anh | J77: =INDEX('6. data thông tin nhân sự'!G:G,MATCH('03. Chi tiết TS các bộ phận'!H77,'6. data thông tin nhân sự'!B:B,0)) -> Sự kiện - Event | K77: =INDEX('6. data thông tin nhân sự'!D:D,MATCH('03. Chi tiết TS các bộ phận'!H77,'6. data thông tin nhân sự'!B:B,0)) -> Chính thức | M77: 46204 | N77: =INDEX('6. data thông tin nhân sự'!N:N, MATCH('03. Chi tiết TS các bộ phận'!H77, '6. data thông tin nhân sự'!B:B,0)) -> 04/08/2025 | O77: Đang sử dụng
A78: PC046 | B78: PC | D78: - Chip: AMD Ryzen 5 3500X 6-Core Processor - Ram: 16 GB - Card màn hình: 984 MB - Ổ cứng: 1.14 TB | E78: Khu vực BP Event | F78: Cái | G78: 1 | H78: 25012 | I78: =INDEX('6. data thông tin nhân sự'!C:C,MATCH('03. Chi tiết TS các bộ phận'!H78,'6. data thông tin nhân sự'!B:B,0)) -> Dương Nguyên Bảo | J78: =INDEX('6. data thông tin nhân sự'!G:G,MATCH('03. Chi tiết TS các bộ phận'!H78,'6. data thông tin nhân sự'!B:B,0)) -> Sự kiện - Event | K78: =INDEX('6. data thông tin nhân sự'!D:D,MATCH('03. Chi tiết TS các bộ phận'!H78,'6. data thông tin nhân sự'!B:B,0)) -> Chính thức | L78: EV_05 | M78: 46204 | N78: =INDEX('6. data thông tin nhân sự'!N:N, MATCH('03. Chi tiết TS các bộ phận'!H78, '6. data thông tin nhân sự'!B:B,0)) -> 09/06/2025 | O78: Đang sử dụng
A79: MH046 | B79: Màn hình máy tính | C79: Dell | E79: Khu vực BP Event | F79: Cái | G79: 1 | H79: 25012 | I79: =INDEX('6. data thông tin nhân sự'!C:C,MATCH('03. Chi tiết TS các bộ phận'!H79,'6. data thông tin nhân sự'!B:B,0)) -> Dương Nguyên Bảo | J79: =INDEX('6. data thông tin nhân sự'!G:G,MATCH('03. Chi tiết TS các bộ phận'!H79,'6. data thông tin nhân sự'!B:B,0)) -> Sự kiện - Event | K79: =INDEX('6. data thông tin nhân sự'!D:D,MATCH('03. Chi tiết TS các bộ phận'!H79,'6. data thông tin nhân sự'!B:B,0)) -> Chính thức | M79: 46204 | N79: =INDEX('6. data thông tin nhân sự'!N:N, MATCH('03. Chi tiết TS các bộ phận'!H79, '6. data thông tin nhân sự'!B:B,0)) -> 09/06/2025 | O79: Đang sử dụng
A80: BP046 | B80: Bàn phím | E80: Khu vực BP Event | F80: Cái | G80: 1 | H80: 25012 | I80: =INDEX('6. data thông tin nhân sự'!C:C,MATCH('03. Chi tiết TS các bộ phận'!H80,'6. data thông tin nhân sự'!B:B,0)) -> Dương Nguyên Bảo | J80: =INDEX('6. data thông tin nhân sự'!G:G,MATCH('03. Chi tiết TS các bộ phận'!H80,'6. data thông tin nhân sự'!B:B,0)) -> Sự kiện - Event | K80: =INDEX('6. data thông tin nhân sự'!D:D,MATCH('03. Chi tiết TS các bộ phận'!H80,'6. data thông tin nhân sự'!B:B,0)) -> Chính thức | M80: 46204 | N80: =INDEX('6. data thông tin nhân sự'!N:N, MATCH('03. Chi tiết TS các bộ phận'!H80, '6. data thông tin nhân sự'!B:B,0)) -> 09/06/2025 | O80: Đang sử dụng
A81: CH046 | B81: Chuột | E81: Khu vực BP Event | F81: Cái | G81: 1 | H81: 25012 | I81: =INDEX('6. data thông tin nhân sự'!C:C,MATCH('03. Chi tiết TS các bộ phận'!H81,'6. data thông tin nhân sự'!B:B,0)) -> Dương Nguyên Bảo | J81: =INDEX('6. data thông tin nhân sự'!G:G,MATCH('03. Chi tiết TS các bộ phận'!H81,'6. data thông tin nhân sự'!B:B,0)) -> Sự kiện - Event | K81: =INDEX('6. data thông tin nhân sự'!D:D,MATCH('03. Chi tiết TS các bộ phận'!H81,'6. data thông tin nhân sự'!B:B,0)) -> Chính thức | M81: 46204 | N81: =INDEX('6. data thông tin nhân sự'!N:N, MATCH('03. Chi tiết TS các bộ phận'!H81, '6. data thông tin nhân sự'!B:B,0)) -> 09/06/2025 | O81: Đang sử dụng
A82: PC035 | B82: PC | D82: - Chip: 13th Gen Intel(R) Core(TM) i5-13400F - Ram: 16 GB - Card màn hình: 12 GB - Ổ cứng: 466 GB | E82: Khu vực BP Event | F82: Cái | G82: 1 | H82: 25030 | I82: =INDEX('6. data thông tin nhân sự'!C:C,MATCH('03. Chi tiết TS các bộ phận'!H82,'6. data thông tin nhân sự'!B:B,0)) -> Hoàng Tuấn Anh | J82: =INDEX('6. data thông tin nhân sự'!G:G,MATCH('03. Chi tiết TS các bộ phận'!H82,'6. data thông tin nhân sự'!B:B,0)) -> Sự kiện - Event | K82: =INDEX('6. data thông tin nhân sự'!D:D,MATCH('03. Chi tiết TS các bộ phận'!H82,'6. data thông tin nhân sự'!B:B,0)) -> Chính thức | L82: EV_06 | M82: 46204 | N82: =INDEX('6. data thông tin nhân sự'!N:N, MATCH('03. Chi tiết TS các bộ phận'!H82, '6. data thông tin nhân sự'!B:B,0)) -> 03/09/2025 | O82: Đang sử dụng
A83: MH035 | B83: Màn hình máy tính | C83: Dell | E83: Khu vực BP Event | F83: Cái | G83: 1 | H83: 25030 | I83: =INDEX('6. data thông tin nhân sự'!C:C,MATCH('03. Chi tiết TS các bộ phận'!H83,'6. data thông tin nhân sự'!B:B,0)) -> Hoàng Tuấn Anh | J83: =INDEX('6. data thông tin nhân sự'!G:G,MATCH('03. Chi tiết TS các bộ phận'!H83,'6. data thông tin nhân sự'!B:B,0)) -> Sự kiện - Event | K83: =INDEX('6. data thông tin nhân sự'!D:D,MATCH('03. Chi tiết TS các bộ phận'!H83,'6. data thông tin nhân sự'!B:B,0)) -> Chính thức | M83: 46204 | N83: =INDEX('6. data thông tin nhân sự'!N:N, MATCH('03. Chi tiết TS các bộ phận'!H83, '6. data thông tin nhân sự'!B:B,0)) -> 03/09/2025 | O83: Đang sử dụng
A84: BP035 | B84: Bàn phím | E84: Khu vực BP Event | F84: Cái | G84: 1 | H84: 25030 | I84: =INDEX('6. data thông tin nhân sự'!C:C,MATCH('03. Chi tiết TS các bộ phận'!H84,'6. data thông tin nhân sự'!B:B,0)) -> Hoàng Tuấn Anh | J84: =INDEX('6. data thông tin nhân sự'!G:G,MATCH('03. Chi tiết TS các bộ phận'!H84,'6. data thông tin nhân sự'!B:B,0)) -> Sự kiện - Event | K84: =INDEX('6. data thông tin nhân sự'!D:D,MATCH('03. Chi tiết TS các bộ phận'!H84,'6. data thông tin nhân sự'!B:B,0)) -> Chính thức | M84: 46204 | N84: =INDEX('6. data thông tin nhân sự'!N:N, MATCH('03. Chi tiết TS các bộ phận'!H84, '6. data thông tin nhân sự'!B:B,0)) -> 03/09/2025 | O84: Đang sử dụng
A85: CH014 | B85: Chuột | E85: Khu vực BP Event | F85: Cái | G85: 1 | H85: 25030 | I85: =INDEX('6. data thông tin nhân sự'!C:C,MATCH('03. Chi tiết TS các bộ phận'!H85,'6. data thông tin nhân sự'!B:B,0)) -> Hoàng Tuấn Anh | J85: =INDEX('6. data thông tin nhân sự'!G:G,MATCH('03. Chi tiết TS các bộ phận'!H85,'6. data thông tin nhân sự'!B:B,0)) -> Sự kiện - Event | K85: =INDEX('6. data thông tin nhân sự'!D:D,MATCH('03. Chi tiết TS các bộ phận'!H85,'6. data thông tin nhân sự'!B:B,0)) -> Chính thức | M85: 46204 | N85: =INDEX('6. data thông tin nhân sự'!N:N, MATCH('03. Chi tiết TS các bộ phận'!H85, '6. data thông tin nhân sự'!B:B,0)) -> 03/09/2025 | O85: Đang sử dụng
A86: V. THIẾT KẾ - DESIGN
A87: PC023 | B87: PC | D87: - Chip: AMD Ryzen 9 5900X 12-Core Processor - Ram: 64 GB - Card màn hình: 16 GB - Ổ cứng: 3.66 TB | E87: Khu vực BP Thiết kế | F87: Cái | G87: 1 | H87: 20001 | I87: =INDEX('6. data thông tin nhân sự'!C:C,MATCH('03. Chi tiết TS các bộ phận'!H87,'6. data thông tin nhân sự'!B:B,0)) -> Hoàng Quốc Nghị | J87: =INDEX('6. data thông tin nhân sự'!G:G,MATCH('03. Chi tiết TS các bộ phận'!H87,'6. data thông tin nhân sự'!B:B,0)) -> Thiết kế - Design | K87: =INDEX('6. data thông tin nhân sự'!D:D,MATCH('03. Chi tiết TS các bộ phận'!H87,'6. data thông tin nhân sự'!B:B,0)) -> Chính thức | L87: TK_01 | M87: 46204 | N87: =INDEX('6. data thông tin nhân sự'!N:N, MATCH('03. Chi tiết TS các bộ phận'!H87, '6. data thông tin nhân sự'!B:B,0)) -> 25/05/2020 | O87: Đang sử dụng
A88: MH038 | B88: Màn hình máy tính | C88: Dell | E88: Khu vực BP Thiết kế | F88: Cái | G88: 1 | H88: 20001 | I88: =INDEX('6. data thông tin nhân sự'!C:C,MATCH('03. Chi tiết TS các bộ phận'!H88,'6. data thông tin nhân sự'!B:B,0)) -> Hoàng Quốc Nghị | J88: =INDEX('6. data thông tin nhân sự'!G:G,MATCH('03. Chi tiết TS các bộ phận'!H88,'6. data thông tin nhân sự'!B:B,0)) -> Thiết kế - Design | K88: =INDEX('6. data thông tin nhân sự'!D:D,MATCH('03. Chi tiết TS các bộ phận'!H88,'6. data thông tin nhân sự'!B:B,0)) -> Chính thức | M88: 46204 | N88: =INDEX('6. data thông tin nhân sự'!N:N, MATCH('03. Chi tiết TS các bộ phận'!H88, '6. data thông tin nhân sự'!B:B,0)) -> 25/05/2020 | O88: Đang sử dụng
A89: PC025 | B89: PC | D89: - Chip: 12th Gen Intel(R) Core(TM) i5-12400 - Ram: 32 GB - Card màn hình: 4 GB - Ổ cứng: 3.87 TB | E89: Khu vực BP Thiết kế | F89: Cái | G89: 1 | H89: 21002 | I89: =INDEX('6. data thông tin nhân sự'!C:C,MATCH('03. Chi tiết TS các bộ phận'!H89,'6. data thông tin nhân sự'!B:B,0)) -> Nguyễn Phương Mai | J89: =INDEX('6. data thông tin nhân sự'!G:G,MATCH('03. Chi tiết TS các bộ phận'!H89,'6. data thông tin nhân sự'!B:B,0)) -> Thiết kế - Design | K89: =INDEX('6. data thông tin nhân sự'!D:D,MATCH('03. Chi tiết TS các bộ phận'!H89,'6. data thông tin nhân sự'!B:B,0)) -> Chính thức | L89: TK_02 | M89: 46204 | N89: =INDEX('6. data thông tin nhân sự'!N:N, MATCH('03. Chi tiết TS các bộ phận'!H89, '6. data thông tin nhân sự'!B:B,0)) -> 13/09/2021 | O89: Đang sử dụng
A90: MH025 | B90: Màn hình máy tính | C90: Dell | E90: Khu vực BP Thiết kế | F90: Cái | G90: 1 | H90: 21002 | I90: =INDEX('6. data thông tin nhân sự'!C:C,MATCH('03. Chi tiết TS các bộ phận'!H90,'6. data thông tin nhân sự'!B:B,0)) -> Nguyễn Phương Mai | J90: =INDEX('6. data thông tin nhân sự'!G:G,MATCH('03. Chi tiết TS các bộ phận'!H90,'6. data thông tin nhân sự'!B:B,0)) -> Thiết kế - Design | K90: =INDEX('6. data thông tin nhân sự'!D:D,MATCH('03. Chi tiết TS các bộ phận'!H90,'6. data thông tin nhân sự'!B:B,0)) -> Chính thức | M90: 46204 | N90: =INDEX('6. data thông tin nhân sự'!N:N, MATCH('03. Chi tiết TS các bộ phận'!H90, '6. data thông tin nhân sự'!B:B,0)) -> 13/09/2021 | O90: Đang sử dụng
A91: CH025 | B91: Chuột | E91: Khu vực BP Thiết kế | F91: Cái | G91: 1 | H91: 21002 | I91: =INDEX('6. data thông tin nhân sự'!C:C,MATCH('03. Chi tiết TS các bộ phận'!H91,'6. data thông tin nhân sự'!B:B,0)) -> Nguyễn Phương Mai | J91: =INDEX('6. data thông tin nhân sự'!G:G,MATCH('03. Chi tiết TS các bộ phận'!H91,'6. data thông tin nhân sự'!B:B,0)) -> Thiết kế - Design | K91: =INDEX('6. data thông tin nhân sự'!D:D,MATCH('03. Chi tiết TS các bộ phận'!H91,'6. data thông tin nhân sự'!B:B,0)) -> Chính thức | M91: 46204 | N91: =INDEX('6. data thông tin nhân sự'!N:N, MATCH('03. Chi tiết TS các bộ phận'!H91, '6. data thông tin nhân sự'!B:B,0)) -> 13/09/2021 | O91: Đang sử dụng
A92: PC024 | B92: PC | D92: - Chip: AMD Ryzen 9 5900X 12-Core Processor - Ram: 64 GB - Card màn hình: 16 GB - Ổ cứng: 2.75 TB | E92: Khu vực BP Thiết kế | F92: Cái | G92: 1 | H92: 21001 | I92: =INDEX('6. data thông tin nhân sự'!C:C,MATCH('03. Chi tiết TS các bộ phận'!H92,'6. data thông tin nhân sự'!B:B,0)) -> Nguyễn Việt Thắng | J92: =INDEX('6. data thông tin nhân sự'!G:G,MATCH('03. Chi tiết TS các bộ phận'!H92,'6. data thông tin nhân sự'!B:B,0)) -> Thiết kế - Design | K92: =INDEX('6. data thông tin nhân sự'!D:D,MATCH('03. Chi tiết TS các bộ phận'!H92,'6. data thông tin nhân sự'!B:B,0)) -> Chính thức | L92: TK_03 | M92: 46204 | N92: =INDEX('6. data thông tin nhân sự'!N:N, MATCH('03. Chi tiết TS các bộ phận'!H92, '6. data thông tin nhân sự'!B:B,0)) -> 06/09/2021 | O92: Đang sử dụng
A93: MH024 | B93: Màn hình máy tính | C93: Dell | E93: Khu vực BP Thiết kế | F93: Cái | G93: 1 | H93: 21001 | I93: =INDEX('6. data thông tin nhân sự'!C:C,MATCH('03. Chi tiết TS các bộ phận'!H93,'6. data thông tin nhân sự'!B:B,0)) -> Nguyễn Việt Thắng | J93: =INDEX('6. data thông tin nhân sự'!G:G,MATCH('03. Chi tiết TS các bộ phận'!H93,'6. data thông tin nhân sự'!B:B,0)) -> Thiết kế - Design | K93: =INDEX('6. data thông tin nhân sự'!D:D,MATCH('03. Chi tiết TS các bộ phận'!H93,'6. data thông tin nhân sự'!B:B,0)) -> Chính thức | M93: 46204 | N93: =INDEX('6. data thông tin nhân sự'!N:N, MATCH('03. Chi tiết TS các bộ phận'!H93, '6. data thông tin nhân sự'!B:B,0)) -> 06/09/2021 | O93: Đang sử dụng
A94: MH059 | B94: Màn hình máy tính | D94: - Màn Hình Dell : U2424H - Màn hình: 24inch Độ phân giải: FHD 1920x1080, 120Hz | E94: Khu vực BP Thiết kế | F94: Cái | H94: 21001 | I94: =INDEX('6. data thông tin nhân sự'!C:C,MATCH('03. Chi tiết TS các bộ phận'!H94,'6. data thông tin nhân sự'!B:B,0)) -> Nguyễn Việt Thắng | J94: =INDEX('6. data thông tin nhân sự'!G:G,MATCH('03. Chi tiết TS các bộ phận'!H94,'6. data thông tin nhân sự'!B:B,0)) -> Thiết kế - Design | K94: =INDEX('6. data thông tin nhân sự'!D:D,MATCH('03. Chi tiết TS các bộ phận'!H94,'6. data thông tin nhân sự'!B:B,0)) -> Chính thức | M94: 46261 | N94: 46261 | O94: Đang sử dụng
A95: PC026 | B95: PC | D95: - Chip: Intel(R) Core(TM) i9-9900K CPU @ 3.60GHz - Ram: 32 GB - Card màn hình: 6 GB - Ổ cứng: 4.09 TB | E95: Khu vực BP Thiết kế | F95: Cái | G95: 1 | H95: 23001 | I95: =INDEX('6. data thông tin nhân sự'!C:C,MATCH('03. Chi tiết TS các bộ phận'!H95,'6. data thông tin nhân sự'!B:B,0)) -> Thái Thị Thanh Thảo | J95: =INDEX('6. data thông tin nhân sự'!G:G,MATCH('03. Chi tiết TS các bộ phận'!H95,'6. data thông tin nhân sự'!B:B,0)) -> Thiết kế - Design | K95: =INDEX('6. data thông tin nhân sự'!D:D,MATCH('03. Chi tiết TS các bộ phận'!H95,'6. data thông tin nhân sự'!B:B,0)) -> Chính thức | L95: TK_04 | M95: 46204 | N95: =INDEX('6. data thông tin nhân sự'!N:N, MATCH('03. Chi tiết TS các bộ phận'!H95, '6. data thông tin nhân sự'!B:B,0)) -> 20/02/2023 | O95: Đang sử dụng
A96: MH026 | B96: Màn hình máy tính | C96: Dell | E96: Khu vực BP Thiết kế | F96: Cái | G96: 1 | H96: 23001 | I96: =INDEX('6. data thông tin nhân sự'!C:C,MATCH('03. Chi tiết TS các bộ phận'!H96,'6. data thông tin nhân sự'!B:B,0)) -> Thái Thị Thanh Thảo | J96: =INDEX('6. data thông tin nhân sự'!G:G,MATCH('03. Chi tiết TS các bộ phận'!H96,'6. data thông tin nhân sự'!B:B,0)) -> Thiết kế - Design | K96: =INDEX('6. data thông tin nhân sự'!D:D,MATCH('03. Chi tiết TS các bộ phận'!H96,'6. data thông tin nhân sự'!B:B,0)) -> Chính thức | M96: 46204 | N96: =INDEX('6. data thông tin nhân sự'!N:N, MATCH('03. Chi tiết TS các bộ phận'!H96, '6. data thông tin nhân sự'!B:B,0)) -> 20/02/2023 | O96: Đang sử dụng
A97: MH057 | B97: Màn hình máy tính | D97: - Màn Hình Dell : U2424H - Màn hình: 24inch Độ phân giải: FHD 1920x1080, 120Hz | E97: Khu vực BP Thiết kế | F97: Cái | G97: 1 | H97: 23001 | I97: =INDEX('6. data thông tin nhân sự'!C:C,MATCH('03. Chi tiết TS các bộ phận'!H97,'6. data thông tin nhân sự'!B:B,0)) -> Thái Thị Thanh Thảo | J97: =INDEX('6. data thông tin nhân sự'!G:G,MATCH('03. Chi tiết TS các bộ phận'!H97,'6. data thông tin nhân sự'!B:B,0)) -> Thiết kế - Design | K97: =INDEX('6. data thông tin nhân sự'!D:D,MATCH('03. Chi tiết TS các bộ phận'!H97,'6. data thông tin nhân sự'!B:B,0)) -> Chính thức | M97: 46261 | N97: 46261 | O97: Đang sử dụng
A98: CH026 | B98: Chuột | E98: Khu vực BP Thiết kế | F98: Cái | G98: 1 | H98: 23001 | I98: =INDEX('6. data thông tin nhân sự'!C:C,MATCH('03. Chi tiết TS các bộ phận'!H98,'6. data thông tin nhân sự'!B:B,0)) -> Thái Thị Thanh Thảo | J98: =INDEX('6. data thông tin nhân sự'!G:G,MATCH('03. Chi tiết TS các bộ phận'!H98,'6. data thông tin nhân sự'!B:B,0)) -> Thiết kế - Design | K98: =INDEX('6. data thông tin nhân sự'!D:D,MATCH('03. Chi tiết TS các bộ phận'!H98,'6. data thông tin nhân sự'!B:B,0)) -> Chính thức | M98: 46204 | N98: =INDEX('6. data thông tin nhân sự'!N:N, MATCH('03. Chi tiết TS các bộ phận'!H98, '6. data thông tin nhân sự'!B:B,0)) -> 20/02/2023 | O98: Đang sử dụng
A99: PC027 | B99: PC | D99: - Chip: AMD Ryzen 9 5900X 12-Core Processor - Ram: 32 GB - Card màn hình: 6 GB - Ổ cứng: 2.27 TB | E99: Khu vực BP Thiết kế | F99: Cái | G99: 1 | H99: 26003 | I99: =INDEX('6. data thông tin nhân sự'!C:C,MATCH('03. Chi tiết TS các bộ phận'!H99,'6. data thông tin nhân sự'!B:B,0)) -> Vũ Đăng Duy | J99: =INDEX('6. data thông tin nhân sự'!G:G,MATCH('03. Chi tiết TS các bộ phận'!H99,'6. data thông tin nhân sự'!B:B,0)) -> Thiết kế - Design | K99: =INDEX('6. data thông tin nhân sự'!D:D,MATCH('03. Chi tiết TS các bộ phận'!H99,'6. data thông tin nhân sự'!B:B,0)) -> Chính thức | L99: TK_05 | M99: 46204 | N99: =INDEX('6. data thông tin nhân sự'!N:N, MATCH('03. Chi tiết TS các bộ phận'!H99, '6. data thông tin nhân sự'!B:B,0)) -> 02/03/2026 | O99: Đang sử dụng | R99: Lương Văn Tuấn Design sd từ ngày 08/08/2025 đến ngày 27/02/2026 bàn giao HCNS 27/02/2026
A100: MH027 | B100: Màn hình máy tính | C100: Dell | E100: Khu vực BP Thiết kế | F100: Cái | G100: 1 | H100: 26003 | I100: =INDEX('6. data thông tin nhân sự'!C:C,MATCH('03. Chi tiết TS các bộ phận'!H100,'6. data thông tin nhân sự'!B:B,0)) -> Vũ Đăng Duy | J100: =INDEX('6. data thông tin nhân sự'!G:G,MATCH('03. Chi tiết TS các bộ phận'!H100,'6. data thông tin nhân sự'!B:B,0)) -> Thiết kế - Design | K100: =INDEX('6. data thông tin nhân sự'!D:D,MATCH('03. Chi tiết TS các bộ phận'!H100,'6. data thông tin nhân sự'!B:B,0)) -> Chính thức | M100: 46204 | N100: =INDEX('6. data thông tin nhân sự'!N:N, MATCH('03. Chi tiết TS các bộ phận'!H100, '6. data thông tin nhân sự'!B:B,0)) -> 02/03/2026 | O100: Đang sử dụng | R100: Lương Văn Tuấn Design sd từ ngày 08/08/2025 đến ngày 27/02/2026 bàn giao HCNS 27/02/2026
A101: MH060 | B101: Màn hình máy tính | D101: "- Màn Hình Dell : U2424H - Màn hình: 24inch Độ phân giải: FHD 1920x1080, 120Hz " | E101: Khu vực BP Thiết kế | F101: Cái | G101: 1 | H101: 26003 | I101: =INDEX('6. data thông tin nhân sự'!C:C,MATCH('03. Chi tiết TS các bộ phận'!H101,'6. data thông tin nhân sự'!B:B,0)) -> Vũ Đăng Duy | J101: =INDEX('6. data thông tin nhân sự'!G:G,MATCH('03. Chi tiết TS các bộ phận'!H101,'6. data thông tin nhân sự'!B:B,0)) -> Thiết kế - Design | K101: =INDEX('6. data thông tin nhân sự'!D:D,MATCH('03. Chi tiết TS các bộ phận'!H101,'6. data thông tin nhân sự'!B:B,0)) -> Chính thức | M101: 46261 | N101: 46261 | O101: Đang sử dụng
A102: CH027 | B102: Chuột | E102: Khu vực BP Thiết kế | F102: Cái | G102: 1 | H102: 26003 | I102: =INDEX('6. data thông tin nhân sự'!C:C,MATCH('03. Chi tiết TS các bộ phận'!H102,'6. data thông tin nhân sự'!B:B,0)) -> Vũ Đăng Duy | J102: =INDEX('6. data thông tin nhân sự'!G:G,MATCH('03. Chi tiết TS các bộ phận'!H102,'6. data thông tin nhân sự'!B:B,0)) -> Thiết kế - Design | K102: =INDEX('6. data thông tin nhân sự'!D:D,MATCH('03. Chi tiết TS các bộ phận'!H102,'6. data thông tin nhân sự'!B:B,0)) -> Chính thức | M102: 46204 | N102: =INDEX('6. data thông tin nhân sự'!N:N, MATCH('03. Chi tiết TS các bộ phận'!H102, '6. data thông tin nhân sự'!B:B,0)) -> 02/03/2026 | O102: Đang sử dụng | R102: Lương Văn Tuấn Design sd từ ngày 08/08/2025 đến ngày 27/02/2026 bàn giao HCNS 27/02/2026
A103: PC028 | B103: PC | D103: - Chip: AMD Ryzen 9 5900X 12-Core Processor - Ram: 32 GB - Card màn hình: 12 GB - Ổ cứng: 4.09 TB | E103: Khu vực BP Thiết kế | F103: Cái | G103: 1 | H103: 23002 | I103: =INDEX('6. data thông tin nhân sự'!C:C,MATCH('03. Chi tiết TS các bộ phận'!H103,'6. data thông tin nhân sự'!B:B,0)) -> Vũ Thị Mai Linh | J103: =INDEX('6. data thông tin nhân sự'!G:G,MATCH('03. Chi tiết TS các bộ phận'!H103,'6. data thông tin nhân sự'!B:B,0)) -> Thiết kế - Design | K103: =INDEX('6. data thông tin nhân sự'!D:D,MATCH('03. Chi tiết TS các bộ phận'!H103,'6. data thông tin nhân sự'!B:B,0)) -> Chính thức | L103: TK_06 | M103: 46203 | N103: =INDEX('6. data thông tin nhân sự'!N:N, MATCH('03. Chi tiết TS các bộ phận'!H103, '6. data thông tin nhân sự'!B:B,0)) -> 28/02/2023 | O103: Đang sử dụng
...

Sheet 04. TH THEO LOẠI TS
B1: ổng | D1: Hanoi Head Office: 80 Nguyen Chi Thanh St., Lang Ward, Hanoi, Vietnam. Tel: + 84 24 3715 3303 / Hotline: +84 904 033 333/ 096 2577770 Website: newdaymedia.com.vn Email: info@newdaymedia.com.vn Facebook: Newday Media JSC
B2: TỔNG QUAN TÀI SẢN | I2: Laptop | J2: PC | K2: Màn hình máy tính | L2: Chuột | M2: Bàn phím | N2: Ổ cứng | O2: Khác | S2: Mã NV - Nguyễn Văn A - Sử dụng từ...đến...., bàn giao lại HCNS ngày....
I3: =COUNTIF(C:C, "Laptop") -> 7 | J3: =COUNTIF(C:C, "PC") -> 40 | K3: =COUNTIF(C:C, "Màn hình máy tính") -> 55 | L3: =COUNTIF(C:C, "Chuột ") -> 36 | M3: =COUNTIF(C:C, "Bàn phím") -> 32 | N3: =COUNTIF(C:C, "Ổ cứng") -> 11 | O3: =COUNTIF(B:B, "khác") -> 0
A4: STT | B4: MÃ TS | C4: TÊN TÀI SẢN | D4: HÃNG MUA | E4: THÔNG SỐ KĨ THUẬT | F4: VỊ TRÍ | G4: ĐƠN VỊ TÍNH | H4: SỐ LƯỢNG | I4: MÃ NHÂN VIÊN SD GẦN NHẤT | J4: HỌ TÊN NHÂN VIÊN SD GẦN NHẤT | K4: BỘ PHẬN | L4: TRẠNG THÁI NHÂN VIÊN ĐANG SD | M4: MÃ BIÊN BẢN BÀN GIAO | N4: NGÀY CẤP | O4: NGÀY HOÀN TRẢ | P4: TRẠNG THÁI TÀI SẢN | Q4: MÃ SỐ BẢO HÀNH | R4: GHI CHÚ | S4: NGƯỜI SỬ DỤNG 1 | T4: NGƯỜI SỬ DỤNG 2 | V4: NGƯỜI SỬ DỤNG 3 | W4: NGƯỜI SỬ DỤNG 4
B5: 1. LAPTOP
A6: 1 | B6: LT001 | C6: Laptop | D6: Lenovo | E6: - Ram: - Card màn hình: - Ổ cứng: - Màu sắc: | F6: Phòng MKT | G6: Cái | H6: 1 | I6: 26019 | J6: =INDEX('6. data thông tin nhân sự'!C:C, MATCH('04. TH THEO LOẠI TS'!I6, '6. data thông tin nhân sự'!B:B,0)) -> Vũ Thị Bích Ngọc | K6: =INDEX('6. data thông tin nhân sự'!G:G, MATCH('04. TH THEO LOẠI TS'!I6, '6. data thông tin nhân sự'!B:B,0)) -> Truyền thông - Marketing | L6: =INDEX('6. data thông tin nhân sự'!D:D, MATCH('04. TH THEO LOẠI TS'!I6, '6. data thông tin nhân sự'!B:B,0)) -> Chính thức | N6: 46204 | P6: Đang sử dụng | S6: Nguyễn Hồng Nhung sd từ ngày 08/08/2026 đến ngày 01/06/2026 bàn giao lại HCNS 01/06/2026
A7: 2 | B7: LT002 | C7: Laptop | D7: Máy tính Surface pro 7 | E7: - Ram - Card màn hình - Màu sắc: bạc | F7: Phòng Creative | G7: Cái | H7: 1 | I7: 25042 | J7: =INDEX('6. data thông tin nhân sự'!C:C, MATCH('04. TH THEO LOẠI TS'!I7, '6. data thông tin nhân sự'!B:B,0)) -> Nguyễn Thị Thu Giang | K7: =INDEX('6. data thông tin nhân sự'!G:G, MATCH('04. TH THEO LOẠI TS'!I7, '6. data thông tin nhân sự'!B:B,0)) -> Sáng tạo - Creative | L7: =INDEX('6. data thông tin nhân sự'!D:D, MATCH('04. TH THEO LOẠI TS'!I7, '6. data thông tin nhân sự'!B:B,0)) -> Chính thức | N7: 46204 | P7: Đang sử dụng | S7: Sếp Yến | T7: Mr. Hưng - TP Creative | U7: 20003 -Nguyễn Mạnh Hoàng - TP creative dùng - trả lại HCNS ngày 22/06/2026 | V7: 26005-Trần Thị Thanh Thùy-Creative- trả lại 08/07/2026
A8: 3 | B8: LT003 | C8: Laptop | D8: Máy tính Surface book 3 | E8: - Ram - Card màn hình - Màu sắc: bạc | F8: Phòng Creative | G8: Cái | H8: 1 | I8: 20003 | J8: =INDEX('6. data thông tin nhân sự'!C:C, MATCH('04. TH THEO LOẠI TS'!I8, '6. data thông tin nhân sự'!B:B,0)) -> Nguyễn Mạnh Hoàng | K8: =INDEX('6. data thông tin nhân sự'!G:G, MATCH('04. TH THEO LOẠI TS'!I8, '6. data thông tin nhân sự'!B:B,0)) -> Sáng tạo - Creative | L8: =INDEX('6. data thông tin nhân sự'!D:D, MATCH('04. TH THEO LOẠI TS'!I8, '6. data thông tin nhân sự'!B:B,0)) -> Chính thức | N8: 46204 | P8: Đang sử dụng | R8: Hoàng quản lý và máy dùng cho 2 bạn concept artist dùng khi đi công tác
A9: 4 | B9: LT004 | C9: Laptop | D9: Máy tính surface 11 pro | E9: - Ram - Card màn hình - Màu sắc: bạc | F9: Phòng Creative | G9: Cái | H9: 1 | I9: 20003 | J9: =INDEX('6. data thông tin nhân sự'!C:C, MATCH('04. TH THEO LOẠI TS'!I9, '6. data thông tin nhân sự'!B:B,0)) -> Nguyễn Mạnh Hoàng | K9: =INDEX('6. data thông tin nhân sự'!G:G, MATCH('04. TH THEO LOẠI TS'!I9, '6. data thông tin nhân sự'!B:B,0)) -> Sáng tạo - Creative | L9: =INDEX('6. data thông tin nhân sự'!D:D, MATCH('04. TH THEO LOẠI TS'!I9, '6. data thông tin nhân sự'!B:B,0)) -> Chính thức | M9: T06_2026_1517945 | N9: 46204 | P9: Đang sử dụng | R9: Mua mới ngày 10/06/2026 cấp cho Mạnh Hoàng | S9: Mạnh Hoàng - TP Creative
A10: 5 | B10: LT005 | C10: Laptop | D10: Máy tính Dell | E10: - Ram - Card màn hình - Màu sắc: | F10: Phòng Event | G10: Cái | H10: 1 | I10: 24001 | J10: =INDEX('6. data thông tin nhân sự'!C:C, MATCH('04. TH THEO LOẠI TS'!I10, '6. data thông tin nhân sự'!B:B,0)) -> Lê Lâm Cường | K10: =INDEX('6. data thông tin nhân sự'!G:G, MATCH('04. TH THEO LOẠI TS'!I10, '6. data thông tin nhân sự'!B:B,0)) -> Sự kiện - Event | L10: =INDEX('6. data thông tin nhân sự'!D:D, MATCH('04. TH THEO LOẠI TS'!I10, '6. data thông tin nhân sự'!B:B,0)) -> Nghỉ việc | N10: 46204 | P10: Đang sử dụng | R10: Cường quản lý và máy dùng chung cho phòng Event đi công tác
A11: 6 | B11: LT006 | C11: Laptop | D11: Máy tính Surface laptop | E11: - Ram - Card màn hình - Màu sắc: hồng | F11: Tồn kho | G11: Cái | H11: 1 | P11: Tồn kho | R11: 22/06/2026 Giang có báo hỏng không bật lên nguồn, tuy nhiên sau đó lại mở dùng đc | S11: Sếp Yến | T11: Mr. Hưng - TP Creative | U11: Trợ lý sếp Yến | V11: 20003 -Nguyễn Mạnh Hoàng - TP creative dùng - trả lại HCNS ngày 22/06/2026 | W11: 25042-Nguyễn Thị Thu Giang-Creative- trả lại HCNS 08/07/2026
A12: 7 | B12: LT007 | C12: Laptop | D12: Laptop Macbook Air M5 | E12: - Màu sắc: bạc | F12: Phòng Creative | G12: Cái | H12: 1 | I12: 21003 | J12: =INDEX('6. data thông tin nhân sự'!C:C, MATCH('04. TH THEO LOẠI TS'!I12, '6. data thông tin nhân sự'!B:B,0)) -> Đặng Đức Hoàng | K12: =INDEX('6. data thông tin nhân sự'!G:G, MATCH('04. TH THEO LOẠI TS'!I12, '6. data thông tin nhân sự'!B:B,0)) -> Sáng tạo - Creative | L12: =INDEX('6. data thông tin nhân sự'!D:D, MATCH('04. TH THEO LOẠI TS'!I12, '6. data thông tin nhân sự'!B:B,0)) -> Chính thức | N12: 46231 | P12: Đang sử dụng | R12: Mua mới ngày 17/07/2026 cấp cho Đức Hoàng
B13: 2. Ổ CỨNG
A14: 1 | B14: OC-001 | C14: Ổ cứng | E14: - Ổ cứng rời - HDD/SSD - Dung lượng: 2TB | F14: Khu vực BP Video | G14: cái | H14: 1 | K14: Video | L14: =INDEX('6. data thông tin nhân sự'!D:D, MATCH('04. TH THEO LOẠI TS'!I14, '6. data thông tin nhân sự'!B:B,0)) -> #N/A | N14: 46204 | P14: Tồn kho
A15: 2 | B15: OC-003 | C15: Ổ cứng | E15: - Ổ cứng rời - HDD - Dung lượng: 2TB | F15: Khu vực BP Video | G15: cái | H15: 1 | K15: Video | L15: =INDEX('6. data thông tin nhân sự'!D:D, MATCH('04. TH THEO LOẠI TS'!I15, '6. data thông tin nhân sự'!B:B,0)) -> #N/A | N15: 46204 | P15: Tồn kho
A16: 3 | B16: OC-004 | C16: Ổ cứng | E16: - 1TB - Ổ cứng rời | F16: Phòng HCNS | G16: cái | H16: 1 | P16: Tồn kho | R16: Đã chết ổ cứng | S16: 15001- Lê Văn Kha - TP event- bàn giao lại HCNS từ ngày 20/01/2026
A17: 4 | B17: OC-005 | C17: Ổ cứng | E17: - 1TB - Ổ cứng rời | F17: Phòng HCNS | G17: cái | H17: 1 | P17: Tồn kho | S17: 15001- Lê Văn Kha - TP event- bàn giao lại HCNS từ ngày 20/01/2026
A18: 5 | B18: OC-006 | C18: Ổ cứng | E18: - 1TB - Ổ cứng rời | F18: Phòng HCNS | G18: cái | H18: 1 | P18: Tồn kho | S18: 15001- Lê Văn Kha - TP event- bàn giao lại HCNS từ ngày 20/01/2026
A19: 6 | B19: OC-007 | C19: Ổ cứng | E19: - 1TB - Ổ cứng gắn máy | F19: Khu vực BP Creative | G19: cái | H19: 1 | I19: 20003 | J19: Nguyễn Mạnh Hoàng | K19: Creative | L19: =INDEX('6. data thông tin nhân sự'!D:D, MATCH('04. TH THEO LOẠI TS'!I19, '6. data thông tin nhân sự'!B:B,0)) -> Chính thức | N19: 46204 | P19: Đang sử dụng
A20: 7 | B20: OC-008 | C20: Ổ cứng | E20: - 2TB - Ổ cứng rời | F20: Khu vực BP MKT | G20: cái | H20: 1 | I20: 20002 | J20: Đào Thị Thùy | K20: MKT | L20: =INDEX('6. data thông tin nhân sự'!D:D, MATCH('04. TH THEO LOẠI TS'!I20, '6. data thông tin nhân sự'!B:B,0)) -> Chính thức | N20: 46204 | P20: Đang sử dụng | S20: 25002 - Phạm Ngọc Anh - TP MKT quản lý - trả lại HCNS ngày 01/06/2026
A21: 8 | B21: OC-009 | C21: Ổ cứng | D21: SSD Kingston | E21: - 1TB - Ổ cứng rời | F21: Khu vực BP Creative | G21: cái | H21: 1 | I21: 21003 | J21: Đặng Đức Hoàng | K21: Creative | L21: =INDEX('6. data thông tin nhân sự'!D:D, MATCH('04. TH THEO LOẠI TS'!I21, '6. data thông tin nhân sự'!B:B,0)) -> Chính thức | N21: 46204 | P21: Đang sử dụng | R21: Mua mới cấp cho Đức Hoàng ngày 15/01/2026, ổ cứng rời
A22: 9 | B22: OC-010 | C22: Ổ cứng | D22: SSD Kingston 1TB | E22: - 1TB - Ổ cứng gắn máy | F22: Phòng kế toán | G22: cái | H22: 1 | I22: 25039 | J22: Nguyễn Thị Thu Hoài | K22: TCKT | L22: =INDEX('6. data thông tin nhân sự'!D:D, MATCH('04. TH THEO LOẠI TS'!I22, '6. data thông tin nhân sự'!B:B,0)) -> Chính thức | N22: 46204 | P22: Đang sử dụng | R22: Mua mới cấp cho Thu Hoài kếtoán ngày 28/01/2026, ổ cứng cắm vào PC
A23: 10 | B23: OC -011 | C23: Ổ cứng | D23: SSD Kingston | E23: - Ổ cứng gắn PC - SSD - Dung lượng: 2TB | F23: Khu vực BP Video | G23: cái | H23: 1 | I23: 25032 | J23: Nguyễn Ngọc Thắng | K23: Video | L23: =INDEX('6. data thông tin nhân sự'!D:D, MATCH('04. TH THEO LOẠI TS'!I23, '6. data thông tin nhân sự'!B:B,0)) -> Chính thức | N23: 46204 | P23: Đang sử dụng | R23: Mua mới cấp cho Thắng Video ngày 28/01/2026, ổ cứng cắm vào PC
B24: 3. PC
A25: 1 | B25: PC008 | C25: PC | F25: Khu vực BP Video | G25: Cái | H25: 1 | K25: =INDEX('6. data thông tin nhân sự'!G:G, MATCH('04. TH THEO LOẠI TS'!I25, '6. data thông tin nhân sự'!B:B,0)) -> #N/A | L25: =INDEX('6. data thông tin nhân sự'!D:D, MATCH('04. TH THEO LOẠI TS'!I25, '6. data thông tin nhân sự'!B:B,0)) -> #N/A | N25: 46204 | P25: Tồn kho | R25: 5T dung lượng ổ cứng, 30T ổ cứng cắm vào,3 ổ cứng di động ( 2T/cái)
A26: 2 | B26: PC058 | C26: PC | E26: - Chip: AMD Ryzen 5 2600 Six-Core Processor - Ram: 16 GB - Card màn hình: 3 GB - Ổ cứng: 112 GB | F26: Khu vực BP Video | G26: Cái | H26: 1 | I26: 26014 | J26: =INDEX('6. data thông tin nhân sự'!C:C, MATCH('04. TH THEO LOẠI TS'!I26, '6. data thông tin nhân sự'!B:B,0)) -> Nguyễn Thị Thùy Linh | K26: =INDEX('6. data thông tin nhân sự'!G:G, MATCH('04. TH THEO LOẠI TS'!I26, '6. data thông tin nhân sự'!B:B,0)) -> Sản xuất Video - Video Prodution | L26: =INDEX('6. data thông tin nhân sự'!D:D, MATCH('04. TH THEO LOẠI TS'!I26, '6. data thông tin nhân sự'!B:B,0)) -> Nghỉ việc | N26: 46204 | P26: Tồn kho
A27: 3 | B27: PC010 | C27: PC | E27: - Chip: AMD Ryzen 9 9900X 12-Core Processor - Ram: 128 GB - Card màn hình: 18 GB - Ổ cứng: 5.46 TB | F27: Khu vực BP Video | G27: Cái | H27: 1 | I27: 24004 | J27: =INDEX('6. data thông tin nhân sự'!C:C, MATCH('04. TH THEO LOẠI TS'!I27, '6. data thông tin nhân sự'!B:B,0)) -> Vũ Anh Duy | K27: =INDEX('6. data thông tin nhân sự'!G:G, MATCH('04. TH THEO LOẠI TS'!I27, '6. data thông tin nhân sự'!B:B,0)) -> Sản xuất Video - Video Prodution | L27: =INDEX('6. data thông tin nhân sự'!D:D, MATCH('04. TH THEO LOẠI TS'!I27, '6. data thông tin nhân sự'!B:B,0)) -> Chính thức | N27: 46202 | P27: Đang sử dụng
A28: 4 | B28: PC011 | C28: PC | E28: - Chip: 12th Gen Intel(R) Core(TM) i9-12900K - Ram: 32 GB - Card màn hình: 12 GB - Ổ cứng: 15,01 TB | F28: Khu vực BP Video | G28: Cái | H28: 1 | I28: 25026 | J28: =INDEX('6. data thông tin nhân sự'!C:C, MATCH('04. TH THEO LOẠI TS'!I28, '6. data thông tin nhân sự'!B:B,0)) -> Vũ Hoàng Duy | K28: =INDEX('6. data thông tin nhân sự'!G:G, MATCH('04. TH THEO LOẠI TS'!I28, '6. data thông tin nhân sự'!B:B,0)) -> Sản xuất Video - Video Prodution | L28: =INDEX('6. data thông tin nhân sự'!D:D, MATCH('04. TH THEO LOẠI TS'!I28, '6. data thông tin nhân sự'!B:B,0)) -> Chính thức | N28: 46204 | P28: Đang sử dụng
A29: 5 | B29: PC047 | C29: PC | E29: - AMD Ryzen 9 9950X 16-Core Processor - Ram: 128 GB - Card màn hình: 16 GB - Ổ cứng: 7,28 TB | F29: Khu vực BP Video | G29: Cái | H29: 1 | I29: 25011 | J29: =INDEX('6. data thông tin nhân sự'!C:C, MATCH('04. TH THEO LOẠI TS'!I29, '6. data thông tin nhân sự'!B:B,0)) -> Lê Công Hoàng | K29: =INDEX('6. data thông tin nhân sự'!G:G, MATCH('04. TH THEO LOẠI TS'!I29, '6. data thông tin nhân sự'!B:B,0)) -> Sản xuất Video - Video Prodution | L29: =INDEX('6. data thông tin nhân sự'!D:D, MATCH('04. TH THEO LOẠI TS'!I29, '6. data thông tin nhân sự'!B:B,0)) -> Chính thức | N29: 46204 | P29: Đang sử dụng | Q29: Phiếu BH | R29: PC047 - mới mua ngày. 17/09/2025
A30: 6 | B30: PC009 | C30: PC | E30: - Chip: 12th Gen Intel(R) Core(TM) i9-12900K - Ram: 64 GB - Card màn hình: 12 GB - Ổ cứng: 20,92 TB | F30: Khu vực BP Video | G30: Cái | H30: 1 | I30: 25032 | J30: =INDEX('6. data thông tin nhân sự'!C:C, MATCH('04. TH THEO LOẠI TS'!I30, '6. data thông tin nhân sự'!B:B,0)) -> Nguyễn Ngọc Thắng | K30: =INDEX('6. data thông tin nhân sự'!G:G, MATCH('04. TH THEO LOẠI TS'!I30, '6. data thông tin nhân sự'!B:B,0)) -> Sản xuất Video - Video Prodution | L30: =INDEX('6. data thông tin nhân sự'!D:D, MATCH('04. TH THEO LOẠI TS'!I30, '6. data thông tin nhân sự'!B:B,0)) -> Chính thức | N30: 46204 | P30: Đang sử dụng | S30: 25011- Lê Công Hoàng - từ ngày 8/8/2025 - trả ngày 19/09/2025
A31: 7 | B31: PC051 | C31: PC | E31: - Chip: AMD Ryzen 9 9950X 16-Core Processor - Ram: 64 GB - Card màn hình: 14 GB - Ổ cứng: 7,28 TB | F31: Khu vực BP Video | G31: Cái | H31: 1 | I31: 25045 | J31: =INDEX('6. data thông tin nhân sự'!C:C, MATCH('04. TH THEO LOẠI TS'!I31, '6. data thông tin nhân sự'!B:B,0)) -> Nguyễn Anh Tuấn | K31: =INDEX('6. data thông tin nhân sự'!G:G, MATCH('04. TH THEO LOẠI TS'!I31, '6. data thông tin nhân sự'!B:B,0)) -> Sản xuất Video - Video Prodution | L31: =INDEX('6. data thông tin nhân sự'!D:D, MATCH('04. TH THEO LOẠI TS'!I31, '6. data thông tin nhân sự'!B:B,0)) -> Chính thức | N31: 46204 | P31: Đang sử dụng
A32: 8 | B32: PC052 | C32: PC | E32: - Chip: AMD Ryzen 9 9950X 16-Core Processor - Ram: 64 GB - Card màn hình: 16 GB - Ổ cứng: 7,28 TB | F32: Khu vực BP Video | G32: Cái | H32: 1 | I32: 25046 | J32: =INDEX('6. data thông tin nhân sự'!C:C, MATCH('04. TH THEO LOẠI TS'!I32, '6. data thông tin nhân sự'!B:B,0)) -> Phùng Vân Anh | K32: =INDEX('6. data thông tin nhân sự'!G:G, MATCH('04. TH THEO LOẠI TS'!I32, '6. data thông tin nhân sự'!B:B,0)) -> Sản xuất Video - Video Prodution | L32: =INDEX('6. data thông tin nhân sự'!D:D, MATCH('04. TH THEO LOẠI TS'!I32, '6. data thông tin nhân sự'!B:B,0)) -> Chính thức | N32: 46204 | P32: Đang sử dụng
A33: 9 | B33: PC056 | C33: PC | E33: - Chip: AMD Ryzen 5 3500X 6-Core Processor - Ram: 16 GB - Card màn hình: 2 GB - Ổ cứng: 1,38 TB | F33: Khu vực BP MKT | G33: Cái | H33: 1 | I33: 20002 | J33: =INDEX('6. data thông tin nhân sự'!C:C, MATCH('04. TH THEO LOẠI TS'!I33, '6. data thông tin nhân sự'!B:B,0)) -> Đào Thị Thùy | K33: =INDEX('6. data thông tin nhân sự'!G:G, MATCH('04. TH THEO LOẠI TS'!I33, '6. data thông tin nhân sự'!B:B,0)) -> Truyền thông - Marketing | L33: =INDEX('6. data thông tin nhân sự'!D:D, MATCH('04. TH THEO LOẠI TS'!I33, '6. data thông tin nhân sự'!B:B,0)) -> Chính thức | N33: 45839 | P33: Đang sử dụng
A34: 10 | B34: PC057 | C34: PC | E34: - Chip: AMD Ryzen 5 3600 6-Core Processor - Ram: 16 GB - Card màn hình: 4 GB - Ổ cứng: 1,14 TB | F34: Khu vực BP MKT | G34: Cái | H34: 1 | I34: 22002 | J34: =INDEX('6. data thông tin nhân sự'!C:C, MATCH('04. TH THEO LOẠI TS'!I34, '6. data thông tin nhân sự'!B:B,0)) -> Ngô Khánh Vi | K34: =INDEX('6. data thông tin nhân sự'!G:G, MATCH('04. TH THEO LOẠI TS'!I34, '6. data thông tin nhân sự'!B:B,0)) -> Truyền thông - Marketing | L34: =INDEX('6. data thông tin nhân sự'!D:D, MATCH('04. TH THEO LOẠI TS'!I34, '6. data thông tin nhân sự'!B:B,0)) -> Chính thức | N34: 46204 | P34: Đang sử dụng
A35: 11 | B35: PC036 | C35: PC | E35: - Chip: Intel(R) Core(TM) i7-10700 CPU@ 2.90GHz - Ram: 16 GB - Card màn hình: 128 MB - Ổ cứng: 1.14 TB | F35: Khu vực BP Creative | G35: Cái | H35: 1 | I35: 26023 | J35: =INDEX('6. data thông tin nhân sự'!C:C, MATCH('04. TH THEO LOẠI TS'!I35, '6. data thông tin nhân sự'!B:B,0)) -> Lê Đức Minh | K35: =INDEX('6. data thông tin nhân sự'!G:G, MATCH('04. TH THEO LOẠI TS'!I35, '6. data thông tin nhân sự'!B:B,0)) -> Sáng tạo - Creative | L35: =INDEX('6. data thông tin nhân sự'!D:D, MATCH('04. TH THEO LOẠI TS'!I35, '6. data thông tin nhân sự'!B:B,0)) -> Thử việc | N35: 46237 | P35: Đang sử dụng | S35: Nguyễn Chí Hiếu sd từ ngày 14/07/2026 đến ngày 03/08/2026 bàn giao lại HCNS 01/06/2026
A36: 12 | B36: PC015 | C36: PC | E36: - Chip: Intel(R) Core(TM) i5-10400 CPU @ 2.90GHz - Ram: 16 GB - Card màn hình: 128 MB - Ổ cứng: 1.13 TB | F36: Khu vực BP Creative | G36: Cái | H36: 1 | I36: 24003 | J36: =INDEX('6. data thông tin nhân sự'!C:C, MATCH('04. TH THEO LOẠI TS'!I36, '6. data thông tin nhân sự'!B:B,0)) -> Nguyễn Thị Hà Giang | K36: =INDEX('6. data thông tin nhân sự'!G:G, MATCH('04. TH THEO LOẠI TS'!I36, '6. data thông tin nhân sự'!B:B,0)) -> Sáng tạo - Creative | L36: =INDEX('6. data thông tin nhân sự'!D:D, MATCH('04. TH THEO LOẠI TS'!I36, '6. data thông tin nhân sự'!B:B,0)) -> Chính thức | N36: 46217 | P36: Đang sử dụng | S36: Đặng Đức Hoàng Creative sd từ ngày 08/08/2025 đến ngày 24/06/2026 bàn giao lại cho HCNS
A37: 13 | B37: PC033 | C37: PC | E37: - Chip: Intel(R) Core(TM) i7-10700 CPU @ 2.90GHz - Ram: 16 GB - Card màn hình: 128 MB - Ổ cứng: 2.26 TB | F37: Khu vực BP Creative | G37: Cái | H37: 1 | I37: 26001 | J37: =INDEX('6. data thông tin nhân sự'!C:C, MATCH('04. TH THEO LOẠI TS'!I37, '6. data thông tin nhân sự'!B:B,0)) -> Tô Hồng Đức | K37: =INDEX('6. data thông tin nhân sự'!G:G, MATCH('04. TH THEO LOẠI TS'!I37, '6. data thông tin nhân sự'!B:B,0)) -> Sáng tạo - Creative | L37: =INDEX('6. data thông tin nhân sự'!D:D, MATCH('04. TH THEO LOẠI TS'!I37, '6. data thông tin nhân sự'!B:B,0)) -> Chính thức | N37: 46217 | P37: Đang sử dụng
A38: 14 | B38: PC021 | C38: PC | E38: - Chip: Intel(R) Core(TM) i7-8700 CPU @ 3.20GHz - Ram: 16 GB - Card màn hình: 3 GB - Ổ cứng: 1.14 TB | F38: Khu vực BP Event | G38: Cái | H38: 1 | I38: 24001 | J38: =INDEX('6. data thông tin nhân sự'!C:C, MATCH('04. TH THEO LOẠI TS'!I38, '6. data thông tin nhân sự'!B:B,0)) -> Lê Lâm Cường | K38: =INDEX('6. data thông tin nhân sự'!G:G, MATCH('04. TH THEO LOẠI TS'!I38, '6. data thông tin nhân sự'!B:B,0)) -> Sự kiện - Event | L38: =INDEX('6. data thông tin nhân sự'!D:D, MATCH('04. TH THEO LOẠI TS'!I38, '6. data thông tin nhân sự'!B:B,0)) -> Nghỉ việc | N38: 46204 | P38: Đang sử dụng
A39: 15 | B39: PC050 | C39: PC | E39: - Chip: Intel(R) Core(TM) i5-14600KF - Ram: 32 GB - Card màn hình: 12 GB - Ổ cứng: 954 GB | F39: Khu vực BP Event | G39: Cái | H39: 1 | I39: 22001 | J39: =INDEX('6. data thông tin nhân sự'!C:C, MATCH('04. TH THEO LOẠI TS'!I39, '6. data thông tin nhân sự'!B:B,0)) -> Bùi Xuân Dân | K39: =INDEX('6. data thông tin nhân sự'!G:G, MATCH('04. TH THEO LOẠI TS'!I39, '6. data thông tin nhân sự'!B:B,0)) -> Sự kiện - Event | L39: =INDEX('6. data thông tin nhân sự'!D:D, MATCH('04. TH THEO LOẠI TS'!I39, '6. data thông tin nhân sự'!B:B,0)) -> Chính thức | N39: 46204 | P39: Đang sử dụng | Q39: Phiếu BH | R39: PC050 - mới mua ngày 1/10/2025
A40: 16 | B40: PC019 | C40: PC | E40: - Chip: 13th Gen Intel(R) Core(TM) i5-13400F - Ram: 16 GB - Card màn hình: 8 GB - 466 GB | F40: Khu vực BP Event | G40: Cái | H40: 1 | I40: 23008 | J40: =INDEX('6. data thông tin nhân sự'!C:C, MATCH('04. TH THEO LOẠI TS'!I40, '6. data thông tin nhân sự'!B:B,0)) -> Hoàng Hà Giang | K40: =INDEX('6. data thông tin nhân sự'!G:G, MATCH('04. TH THEO LOẠI TS'!I40, '6. data thông tin nhân sự'!B:B,0)) -> Sự kiện - Event | L40: =INDEX('6. data thông tin nhân sự'!D:D, MATCH('04. TH THEO LOẠI TS'!I40, '6. data thông tin nhân sự'!B:B,0)) -> Chính thức | N40: 46204 | P40: Đang sử dụng
A41: 17 | B41: PC020 | C41: PC | E41: -Chip: Intel(R) Core(TM) i3-10105F CPU @ 3.70GHz - Ram: 16 GB - Card màn hình: 4 GB - Ổ cứng: 1.48 TB | F41: Khu vực BP Event | G41: Cái | H41: 1 | I41: 25028 | J41: =INDEX('6. data thông tin nhân sự'!C:C, MATCH('04. TH THEO LOẠI TS'!I41, '6. data thông tin nhân sự'!B:B,0)) -> Nguyễn Phương Anh | K41: =INDEX('6. data thông tin nhân sự'!G:G, MATCH('04. TH THEO LOẠI TS'!I41, '6. data thông tin nhân sự'!B:B,0)) -> Sự kiện - Event | L41: =INDEX('6. data thông tin nhân sự'!D:D, MATCH('04. TH THEO LOẠI TS'!I41, '6. data thông tin nhân sự'!B:B,0)) -> Chính thức | N41: 46204 | P41: Đang sử dụng
A42: 18 | B42: PC046 | C42: PC | E42: - Chip: AMD Ryzen 5 3500X 6-Core Processor - Ram: 16 GB - Card màn hình: 984 MB - Ổ cứng: 1.14 TB | F42: Khu vực BP Event | G42: Cái | H42: 1 | I42: 25012 | J42: =INDEX('6. data thông tin nhân sự'!C:C, MATCH('04. TH THEO LOẠI TS'!I42, '6. data thông tin nhân sự'!B:B,0)) -> Dương Nguyên Bảo | K42: =INDEX('6. data thông tin nhân sự'!G:G, MATCH('04. TH THEO LOẠI TS'!I42, '6. data thông tin nhân sự'!B:B,0)) -> Sự kiện - Event | L42: =INDEX('6. data thông tin nhân sự'!D:D, MATCH('04. TH THEO LOẠI TS'!I42, '6. data thông tin nhân sự'!B:B,0)) -> Chính thức | N42: 46204 | P42: Đang sử dụng
A43: 19 | B43: PC035 | C43: PC | E43: - Chip: 13th Gen Intel(R) Core(TM) i5-13400F - Ram: 16 GB - Card màn hình: 12 GB - Ổ cứng: 466 GB | F43: Khu vực BP Event | G43: Cái | H43: 1 | I43: 25030 | J43: =INDEX('6. data thông tin nhân sự'!C:C, MATCH('04. TH THEO LOẠI TS'!I43, '6. data thông tin nhân sự'!B:B,0)) -> Hoàng Tuấn Anh | K43: =INDEX('6. data thông tin nhân sự'!G:G, MATCH('04. TH THEO LOẠI TS'!I43, '6. data thông tin nhân sự'!B:B,0)) -> Sự kiện - Event | L43: =INDEX('6. data thông tin nhân sự'!D:D, MATCH('04. TH THEO LOẠI TS'!I43, '6. data thông tin nhân sự'!B:B,0)) -> Chính thức | N43: 46204 | P43: Đang sử dụng
A44: 20 | B44: PC023 | C44: PC | E44: - Chip: AMD Ryzen 9 5900X 12-Core Processor - Ram: 64 GB - Card màn hình: 16 GB - Ổ cứng: 3.66 TB | F44: Khu vực BP Thiết kế | G44: Cái | H44: 1 | I44: 20001 | J44: =INDEX('6. data thông tin nhân sự'!C:C, MATCH('04. TH THEO LOẠI TS'!I44, '6. data thông tin nhân sự'!B:B,0)) -> Hoàng Quốc Nghị | K44: =INDEX('6. data thông tin nhân sự'!G:G, MATCH('04. TH THEO LOẠI TS'!I44, '6. data thông tin nhân sự'!B:B,0)) -> Thiết kế - Design | L44: =INDEX('6. data thông tin nhân sự'!D:D, MATCH('04. TH THEO LOẠI TS'!I44, '6. data thông tin nhân sự'!B:B,0)) -> Chính thức | N44: 46204 | P44: Đang sử dụng
A45: 21 | B45: PC025 | C45: PC | E45: - Chip: 12th Gen Intel(R) Core(TM) i5-12400 - Ram: 32 GB - Card màn hình: 4 GB - Ổ cứng: 3.87 TB | F45: Khu vực BP Thiết kế | G45: Cái | H45: 1 | I45: 21002 | J45: =INDEX('6. data thông tin nhân sự'!C:C, MATCH('04. TH THEO LOẠI TS'!I45, '6. data thông tin nhân sự'!B:B,0)) -> Nguyễn Phương Mai | K45: =INDEX('6. data thông tin nhân sự'!G:G, MATCH('04. TH THEO LOẠI TS'!I45, '6. data thông tin nhân sự'!B:B,0)) -> Thiết kế - Design | L45: =INDEX('6. data thông tin nhân sự'!D:D, MATCH('04. TH THEO LOẠI TS'!I45, '6. data thông tin nhân sự'!B:B,0)) -> Chính thức | N45: 46204 | P45: Đang sử dụng
A46: 22 | B46: PC024 | C46: PC | E46: - Chip: AMD Ryzen 9 5900X 12-Core Processor - Ram: 64 GB - Card màn hình: 16 GB - Ổ cứng: 2.75 TB | F46: Khu vực BP Thiết kế | G46: Cái | H46: 1 | I46: 21001 | J46: =INDEX('6. data thông tin nhân sự'!C:C, MATCH('04. TH THEO LOẠI TS'!I46, '6. data thông tin nhân sự'!B:B,0)) -> Nguyễn Việt Thắng | K46: =INDEX('6. data thông tin nhân sự'!G:G, MATCH('04. TH THEO LOẠI TS'!I46, '6. data thông tin nhân sự'!B:B,0)) -> Thiết kế - Design | L46: =INDEX('6. data thông tin nhân sự'!D:D, MATCH('04. TH THEO LOẠI TS'!I46, '6. data thông tin nhân sự'!B:B,0)) -> Chính thức | N46: 46204 | P46: Đang sử dụng
A47: 23 | B47: PC026 | C47: PC | E47: - Chip: Intel(R) Core(TM) i9-9900K CPU @ 3.60GHz - Ram: 32 GB - Card màn hình: 6 GB - Ổ cứng: 4.09 TB | F47: Khu vực BP Thiết kế | G47: Cái | H47: 1 | I47: 23001 | J47: =INDEX('6. data thông tin nhân sự'!C:C, MATCH('04. TH THEO LOẠI TS'!I47, '6. data thông tin nhân sự'!B:B,0)) -> Thái Thị Thanh Thảo | K47: =INDEX('6. data thông tin nhân sự'!G:G, MATCH('04. TH THEO LOẠI TS'!I47, '6. data thông tin nhân sự'!B:B,0)) -> Thiết kế - Design | L47: =INDEX('6. data thông tin nhân sự'!D:D, MATCH('04. TH THEO LOẠI TS'!I47, '6. data thông tin nhân sự'!B:B,0)) -> Chính thức | N47: 46204 | P47: Đang sử dụng
A48: 24 | B48: PC027 | C48: PC | E48: - Chip: AMD Ryzen 9 5900X 12-Core Processor - Ram: 32 GB - Card màn hình: 6 GB - Ổ cứng: 2.27 TB | F48: Khu vực BP Thiết kế | G48: Cái | H48: 1 | I48: 26003 | J48: =INDEX('6. data thông tin nhân sự'!C:C, MATCH('04. TH THEO LOẠI TS'!I48, '6. data thông tin nhân sự'!B:B,0)) -> Vũ Đăng Duy | K48: =INDEX('6. data thông tin nhân sự'!G:G, MATCH('04. TH THEO LOẠI TS'!I48, '6. data thông tin nhân sự'!B:B,0)) -> Thiết kế - Design | L48: =INDEX('6. data thông tin nhân sự'!D:D, MATCH('04. TH THEO LOẠI TS'!I48, '6. data thông tin nhân sự'!B:B,0)) -> Chính thức | N48: 46204 | P48: Đang sử dụng | S48: Lương Văn Tuấn Design sd từ ngày 08/08/2025 đến ngày 27/02/2026 bàn giao HCNS 27/02/2026
A49: 25 | B49: PC028 | C49: PC | E49: - Chip: AMD Ryzen 9 5900X 12-Core Processor - Ram: 32 GB - Card màn hình: 12 GB - Ổ cứng: 4.09 TB | F49: Khu vực BP Thiết kế | G49: Cái | H49: 1 | I49: 23002 | J49: =INDEX('6. data thông tin nhân sự'!C:C, MATCH('04. TH THEO LOẠI TS'!I49, '6. data thông tin nhân sự'!B:B,0)) -> Vũ Thị Mai Linh | K49: =INDEX('6. data thông tin nhân sự'!G:G, MATCH('04. TH THEO LOẠI TS'!I49, '6. data thông tin nhân sự'!B:B,0)) -> Thiết kế - Design | L49: =INDEX('6. data thông tin nhân sự'!D:D, MATCH('04. TH THEO LOẠI TS'!I49, '6. data thông tin nhân sự'!B:B,0)) -> Chính thức | N49: 46203 | P49: Đang sử dụng
A50: 26 | B50: PC029 | C50: PC | E50: - Chip: Intel(R) Core(TM) i7-10700 CPU @ 2.90GHz - Ram: 32 GB - Card màn hình: 6 GB - Ổ cứng: 2.05 TB | F50: Khu vực BP Thiết kế | G50: Cái | H50: 1 | I50: 24006 | J50: =INDEX('6. data thông tin nhân sự'!C:C, MATCH('04. TH THEO LOẠI TS'!I50, '6. data thông tin nhân sự'!B:B,0)) -> Nguyễn Thị Thuỷ Tiên | K50: =INDEX('6. data thông tin nhân sự'!G:G, MATCH('04. TH THEO LOẠI TS'!I50, '6. data thông tin nhân sự'!B:B,0)) -> Thiết kế - Design | L50: =INDEX('6. data thông tin nhân sự'!D:D, MATCH('04. TH THEO LOẠI TS'!I50, '6. data thông tin nhân sự'!B:B,0)) -> Chính thức | N50: 46204 | P50: Đang sử dụng
A51: 27 | B51: PC030 | C51: PC | E51: - Chip: Intel(R) Core(TM) i7-7700 CPU @ 3.60GHz - Ram: 16 GB - Card màn hình: 6 GB - Ổ cứng: 1.14 TB | F51: Khu vực BP Thiết kế | G51: Cái | H51: 1 | I51: 24009 | J51: =INDEX('6. data thông tin nhân sự'!C:C, MATCH('04. TH THEO LOẠI TS'!I51, '6. data thông tin nhân sự'!B:B,0)) -> Bùi Trịnh Tuệ Khanh | K51: =INDEX('6. data thông tin nhân sự'!G:G, MATCH('04. TH THEO LOẠI TS'!I51, '6. data thông tin nhân sự'!B:B,0)) -> Thiết kế - Design | L51: =INDEX('6. data thông tin nhân sự'!D:D, MATCH('04. TH THEO LOẠI TS'!I51, '6. data thông tin nhân sự'!B:B,0)) -> Chính thức | N51: 46204 | P51: Đang sử dụng
A52: 28 | B52: PC055 | C52: PC | E52: - Chip: AMD Ryzen 9 9950X 16-Core Processor - Ram: 32 GB - Card màn hình: 16 GB - Ổ cứng: 2.73 TB | F52: Khu vực BP Thiết kế | G52: Cái | H52: 1 | I52: 26027 | J52: =INDEX('6. data thông tin nhân sự'!C:C, MATCH('04. TH THEO LOẠI TS'!I52, '6. data thông tin nhân sự'!B:B,0)) -> Trần Duy Nam | K52: =INDEX('6. data thông tin nhân sự'!G:G, MATCH('04. TH THEO LOẠI TS'!I52, '6. data thông tin nhân sự'!B:B,0)) -> Thiết kế - Design | L52: =INDEX('6. data thông tin nhân sự'!D:D, MATCH('04. TH THEO LOẠI TS'!I52, '6. data thông tin nhân sự'!B:B,0)) -> Thử việc | M52: T06_2026_1530844 | N52: 46204 | P52: Đang sử dụng | Q52: 1530844_Phiếu xuất kho, bảo hành PC - Duy Hưng P.pdf
A53: 29 | B53: PC002 | C53: PC | E53: - Chip: Intel(R) Core(TM) i3-6100 CPU @ 3.70GHz - Ram: 16 GB - Card màn hình: - Ổ cứng: | F53: Phòng kế toán | G53: Cái | H53: 1 | I53: 25039 | J53: =INDEX('6. data thông tin nhân sự'!C:C, MATCH('04. TH THEO LOẠI TS'!I53, '6. data thông tin nhân sự'!B:B,0)) -> Nguyễn Thị Thu Hoài | K53: =INDEX('6. data thông tin nhân sự'!G:G, MATCH('04. TH THEO LOẠI TS'!I53, '6. data thông tin nhân sự'!B:B,0)) -> Tài chính & Kế toán - Finance & Accounting | L53: =INDEX('6. data thông tin nhân sự'!D:D, MATCH('04. TH THEO LOẠI TS'!I53, '6. data thông tin nhân sự'!B:B,0)) -> Chính thức | N53: 46204 | P53: Đang sử dụng
A54: 30 | B54: PC059 | C54: PC | E54: - Chip: Intel(R) Core(TM) i7-3770 CPU @ 3.40GHz - Ram: 32 GB - Card màn hình: 224 MB - Ổ cứng: 701 GB | F54: Phòng kế toán | G54: Cái | H54: 1 | I54: 24007 | J54: =INDEX('6. data thông tin nhân sự'!C:C, MATCH('04. TH THEO LOẠI TS'!I54, '6. data thông tin nhân sự'!B:B,0)) -> Lê Thương Huyền | K54: =INDEX('6. data thông tin nhân sự'!G:G, MATCH('04. TH THEO LOẠI TS'!I54, '6. data thông tin nhân sự'!B:B,0)) -> Tài chính & Kế toán - Finance & Accounting | L54: =INDEX('6. data thông tin nhân sự'!D:D, MATCH('04. TH THEO LOẠI TS'!I54, '6. data thông tin nhân sự'!B:B,0)) -> Chính thức | N54: 46204 | P54: Đang sử dụng
A55: 31 | B55: PC004 | C55: PC | E55: - Chip: 12th Gen Intel(R) Core(TM) i5-12400 - Ram: 32 GB - Card màn hình: 128 MB - Ổ cứng: 1.38 TB | F55: Phòng kế toán | G55: Cái | H55: 1 | I55: 25017 | J55: =INDEX('6. data thông tin nhân sự'!C:C, MATCH('04. TH THEO LOẠI TS'!I55, '6. data thông tin nhân sự'!B:B,0)) -> Nguyễn Thu Hà | K55: =INDEX('6. data thông tin nhân sự'!G:G, MATCH('04. TH THEO LOẠI TS'!I55, '6. data thông tin nhân sự'!B:B,0)) -> Tài chính & Kế toán - Finance & Accounting | L55: =INDEX('6. data thông tin nhân sự'!D:D, MATCH('04. TH THEO LOẠI TS'!I55, '6. data thông tin nhân sự'!B:B,0)) -> Chính thức | N55: 46204 | P55: Đang sử dụng
A56: 32 | B56: PC005 | C56: PC | E56: - Chip: Intel(R) Core(TM) i7-8700 CPU @ 3.20GHz - Ram: 16 GB - Card màn hình: 128 MB - Ổ cứng: 1.14TB | F56: Phòng kế toán | G56: Cái | H56: 1 | I56: 10004 | J56: =INDEX('6. data thông tin nhân sự'!C:C, MATCH('04. TH THEO LOẠI TS'!I56, '6. data thông tin nhân sự'!B:B,0)) -> Nguyễn Phương Anh | K56: =INDEX('6. data thông tin nhân sự'!G:G, MATCH('04. TH THEO LOẠI TS'!I56, '6. data thông tin nhân sự'!B:B,0)) -> Tài chính & Kế toán - Finance & Accounting | L56: =INDEX('6. data thông tin nhân sự'!D:D, MATCH('04. TH THEO LOẠI TS'!I56, '6. data thông tin nhân sự'!B:B,0)) -> Chính thức | N56: 46204 | P56: Đang sử dụng
A57: 33 | B57: PC006 | C57: PC | E57: - Chip: 13th Gen Intel(R) Core(TM) i5-13500 - Ram: 32 GB - Card màn hình: 128 MB - Ổ cứng: 2.27 TB | F57: Phòng kế toán | G57: Cái | H57: 1 | I57: 17001 | J57: =INDEX('6. data thông tin nhân sự'!C:C, MATCH('04. TH THEO LOẠI TS'!I57, '6. data thông tin nhân sự'!B:B,0)) -> Nguyễn Thị Hồng | K57: =INDEX('6. data thông tin nhân sự'!G:G, MATCH('04. TH THEO LOẠI TS'!I57, '6. data thông tin nhân sự'!B:B,0)) -> Tài chính & Kế toán - Finance & Accounting | L57: =INDEX('6. data thông tin nhân sự'!D:D, MATCH('04. TH THEO LOẠI TS'!I57, '6. data thông tin nhân sự'!B:B,0)) -> Chính thức | N57: 46204 | P57: Đang sử dụng
A58: 34 | B58: PC061 | C58: PC | E58: - Chip: AMD Ryzen 5 5500GT with Radeon Graphics - Ram: 32 GB - Card màn hình: 4 GB - Ổ cứng: 1.38 TB | F58: Phòng kế toán | G58: Cái | H58: 1 | I58: 25041 | J58: =INDEX('6. data thông tin nhân sự'!C:C, MATCH('04. TH THEO LOẠI TS'!I58, '6. data thông tin nhân sự'!B:B,0)) -> Bùi Hữu Đức | K58: =INDEX('6. data thông tin nhân sự'!G:G, MATCH('04. TH THEO LOẠI TS'!I58, '6. data thông tin nhân sự'!B:B,0)) -> Tài chính & Kế toán - Finance & Accounting | L58: =INDEX('6. data thông tin nhân sự'!D:D, MATCH('04. TH THEO LOẠI TS'!I58, '6. data thông tin nhân sự'!B:B,0)) -> Chính thức | N58: 46202 | P58: Đang sử dụng
A59: 35 | B59: PC062 | C59: PC | E59: - Chip: AMD Ryzen 5 5500GT with Radeon Graphics - Ram: 32 GB - Card màn hình: 4 GB - Ổ cứng: 1.38 TB | F59: Phòng HCNS | G59: Cái | H59: 1 | I59: 25021 | J59: =INDEX('6. data thông tin nhân sự'!C:C, MATCH('04. TH THEO LOẠI TS'!I59, '6. data thông tin nhân sự'!B:B,0)) -> Ngô Thị Hồng Hải | K59: =INDEX('6. data thông tin nhân sự'!G:G, MATCH('04. TH THEO LOẠI TS'!I59, '6. data thông tin nhân sự'!B:B,0)) -> Hành chính nhân sự - HR & Admin | L59: =INDEX('6. data thông tin nhân sự'!D:D, MATCH('04. TH THEO LOẠI TS'!I59, '6. data thông tin nhân sự'!B:B,0)) -> Chính thức | N59: 46204 | P59: Đang sử dụng
A60: 36 | B60: PC063 | C60: PC | E60: - Chip: AMD Ryzen 5 5500GT with Radeon Graphics - Ram: 32 GB - Card màn hình: 4 GB - Ổ cứng: 1.38 TB | F60: Phòng HCNS | G60: Cái | H60: 1 | I60: 26028 | J60: =INDEX('6. data thông tin nhân sự'!C:C, MATCH('04. TH THEO LOẠI TS'!I60, '6. data thông tin nhân sự'!B:B,0)) -> Hoàng Thị Thu Trang | K60: =INDEX('6. data thông tin nhân sự'!G:G, MATCH('04. TH THEO LOẠI TS'!I60, '6. data thông tin nhân sự'!B:B,0)) -> Hành chính nhân sự - HR & Admin | L60: =INDEX('6. data thông tin nhân sự'!D:D, MATCH('04. TH THEO LOẠI TS'!I60, '6. data thông tin nhân sự'!B:B,0)) -> Thử việc | N60: 46204 | P60: Đang sử dụng
A61: 37 | B61: PC018 | C61: PC | E61: - Chip: AMD Ryzen 5 2600X - Ram: 24GB - Card màn hình: 985MB - Ổ cứng: 1.02 TB | F61: Phòng HCNS | G61: Cái | H61: 1 | I61: 26020 | J61: =INDEX('6. data thông tin nhân sự'!C:C, MATCH('04. TH THEO LOẠI TS'!I61, '6. data thông tin nhân sự'!B:B,0)) -> Đào Duy Tùng | K61: =INDEX('6. data thông tin nhân sự'!G:G, MATCH('04. TH THEO LOẠI TS'!I61, '6. data thông tin nhân sự'!B:B,0)) -> Hành chính nhân sự - HR & Admin | L61: =INDEX('6. data thông tin nhân sự'!D:D, MATCH('04. TH THEO LOẠI TS'!I61, '6. data thông tin nhân sự'!B:B,0)) -> Nghỉ việc | N61: 46204 | P61: Đang sử dụng | S61: 22001 Bùi Xuân Dân Event 08/08/2025 đến 01/10/2025, bàn giao HCNS 01/10/2025 | T61: Tô Thị Thoa sd từ 10/11/2025 đến 20/04/2026 bàn giao lại cho HCNS 20/04/2026
A62: 38 | B62: PC031 | C62: PC | E62: - Chip: AMD Ryzen 9 5900X - Ram : 32G - Card màn hình: 12GB - Ổ cứng: 2,73TB | F62: Tầng 02 | G62: Cái | H62: 1 | I62: 25043 | J62: =INDEX('6. data thông tin nhân sự'!C:C, MATCH('04. TH THEO LOẠI TS'!I62, '6. data thông tin nhân sự'!B:B,0)) -> Đỗ Mỹ Linh | K62: =INDEX('6. data thông tin nhân sự'!G:G, MATCH('04. TH THEO LOẠI TS'!I62, '6. data thông tin nhân sự'!B:B,0)) -> Dự án - Project | L62: =INDEX('6. data thông tin nhân sự'!D:D, MATCH('04. TH THEO LOẠI TS'!I62, '6. data thông tin nhân sự'!B:B,0)) -> Chính thức | N62: 46204 | P62: Đang sử dụng | S62: 25029 Đinh Ngọc Thành Design sd từ 18/08/2025 đến 24/10/2025 bàn giao HCNS 24/10/2025
A63: 39 | B63: PC060 | C63: PC | F63: Kho | G63: Cái | H63: 1 | P63: Tồn kho | R63: Máy mới
A64: 40 | B64: PC016 | C64: PC | F64: Kho | G64: Cái | H64: 1 | P64: Tồn kho | S64: Tô Hồng Đức sử dụng từ 05/01/2026 đến hết ngày 01/07/2026, bàn giao HCNS ngày 02/07/2026
B65: 5.MÀN HÌNH MÁY TÍNH
A66: 1 | B66: MH008 | C66: Màn hình máy tính | D66: Dell | F66: Khu vực BP Video | G66: Cái | H66: 1 | K66: =INDEX('6. data thông tin nhân sự'!G:G, MATCH('04. TH THEO LOẠI TS'!I66, '6. data thông tin nhân sự'!B:B,0)) -> #N/A | L66: =INDEX('6. data thông tin nhân sự'!D:D, MATCH('04. TH THEO LOẠI TS'!I66, '6. data thông tin nhân sự'!B:B,0)) -> #N/A | N66: 46204 | P66: Tồn kho
A67: 2 | B67: MH007 | C67: Màn hình máy tính | D67: Dell | F67: Khu vực BP Video | G67: Cái | H67: 1 | K67: =INDEX('6. data thông tin nhân sự'!G:G, MATCH('04. TH THEO LOẠI TS'!I67, '6. data thông tin nhân sự'!B:B,0)) -> #N/A | L67: =INDEX('6. data thông tin nhân sự'!D:D, MATCH('04. TH THEO LOẠI TS'!I67, '6. data thông tin nhân sự'!B:B,0)) -> #N/A | N67: 46204 | P67: Tồn kho | S67: Quách Phương Thảo - Sử dụng từ 8/8/2025 đến hết ngày 29/05/2026, bàn giao HCNS ngày 29/05/2026 | T67: Nguyễn Thị Thùy Linh - Sử dụng từ 10/06/2026 đến hết ngày 10/8/2026, bàn giao HCNS ngày 10/8/2026
A68: 3 | B68: MH051 | C68: Màn hình máy tính | D68: Dell | F68: Khu vực BP Video | G68: Cái | H68: 1 | I68: 24004 | J68: =INDEX('6. data thông tin nhân sự'!C:C, MATCH('04. TH THEO LOẠI TS'!I68, '6. data thông tin nhân sự'!B:B,0)) -> Vũ Anh Duy | K68: =INDEX('6. data thông tin nhân sự'!G:G, MATCH('04. TH THEO LOẠI TS'!I68, '6. data thông tin nhân sự'!B:B,0)) -> Sản xuất Video - Video Prodution | L68: =INDEX('6. data thông tin nhân sự'!D:D, MATCH('04. TH THEO LOẠI TS'!I68, '6. data thông tin nhân sự'!B:B,0)) -> Chính thức | N68: 46202 | P68: Đang sử dụng | Q68: Phiếu BH | R68: Sử dung MH010 và MH040 đến ngày 15/12 bàn giao cho Tuấn - Video
A69: 4 | B69: MH053 | C69: Màn hình máy tính | D69: Dell | F69: Khu vực BP Video | G69: Cái | H69: 1 | I69: 24004 | J69: =INDEX('6. data thông tin nhân sự'!C:C, MATCH('04. TH THEO LOẠI TS'!I69, '6. data thông tin nhân sự'!B:B,0)) -> Vũ Anh Duy | K69: =INDEX('6. data thông tin nhân sự'!G:G, MATCH('04. TH THEO LOẠI TS'!I69, '6. data thông tin nhân sự'!B:B,0)) -> Sản xuất Video - Video Prodution | L69: =INDEX('6. data thông tin nhân sự'!D:D, MATCH('04. TH THEO LOẠI TS'!I69, '6. data thông tin nhân sự'!B:B,0)) -> Chính thức | N69: 46202 | P69: Đang sử dụng
A70: 5 | B70: MH052 | C70: Màn hình máy tính | D70: Asus LCD | F70: Khu vực BP Video | G70: Cái | H70: 1 | I70: 25026 | J70: =INDEX('6. data thông tin nhân sự'!C:C, MATCH('04. TH THEO LOẠI TS'!I70, '6. data thông tin nhân sự'!B:B,0)) -> Vũ Hoàng Duy | K70: =INDEX('6. data thông tin nhân sự'!G:G, MATCH('04. TH THEO LOẠI TS'!I70, '6. data thông tin nhân sự'!B:B,0)) -> Sản xuất Video - Video Prodution | L70: =INDEX('6. data thông tin nhân sự'!D:D, MATCH('04. TH THEO LOẠI TS'!I70, '6. data thông tin nhân sự'!B:B,0)) -> Chính thức | N70: 46204 | P70: Đang sử dụng | Q70: Phiếu BH | R70: Sử dung MH011 và MH009 đến ngày 15/12 bàn giao cho Vân Anh - Video
A71: 6 | B71: MH054 | C71: Màn hình máy tính | D71: Asus LCD | F71: Khu vực BP Video | G71: Cái | H71: 1 | I71: 25026 | J71: =INDEX('6. data thông tin nhân sự'!C:C, MATCH('04. TH THEO LOẠI TS'!I71, '6. data thông tin nhân sự'!B:B,0)) -> Vũ Hoàng Duy | K71: =INDEX('6. data thông tin nhân sự'!G:G, MATCH('04. TH THEO LOẠI TS'!I71, '6. data thông tin nhân sự'!B:B,0)) -> Sản xuất Video - Video Prodution | L71: =INDEX('6. data thông tin nhân sự'!D:D, MATCH('04. TH THEO LOẠI TS'!I71, '6. data thông tin nhân sự'!B:B,0)) -> Chính thức | N71: 46204 | P71: Đang sử dụng
A72: 7 | B72: MH047 | C72: Màn hình máy tính | D72: Asus Pro | F72: Khu vực BP Video | G72: Cái | H72: 1 | I72: 25011 | J72: =INDEX('6. data thông tin nhân sự'!C:C, MATCH('04. TH THEO LOẠI TS'!I72, '6. data thông tin nhân sự'!B:B,0)) -> Lê Công Hoàng | K72: =INDEX('6. data thông tin nhân sự'!G:G, MATCH('04. TH THEO LOẠI TS'!I72, '6. data thông tin nhân sự'!B:B,0)) -> Sản xuất Video - Video Prodution | L72: =INDEX('6. data thông tin nhân sự'!D:D, MATCH('04. TH THEO LOẠI TS'!I72, '6. data thông tin nhân sự'!B:B,0)) -> Chính thức | N72: 46204 | P72: Đang sử dụng | R72: MH047 - mới mua ngày 17/09/2025
A73: 8 | B73: MH048 | C73: Màn hình máy tính | D73: Asus Pro | F73: Khu vực BP Video | G73: Cái | H73: 1 | I73: 25011 | J73: =INDEX('6. data thông tin nhân sự'!C:C, MATCH('04. TH THEO LOẠI TS'!I73, '6. data thông tin nhân sự'!B:B,0)) -> Lê Công Hoàng | K73: =INDEX('6. data thông tin nhân sự'!G:G, MATCH('04. TH THEO LOẠI TS'!I73, '6. data thông tin nhân sự'!B:B,0)) -> Sản xuất Video - Video Prodution | L73: =INDEX('6. data thông tin nhân sự'!D:D, MATCH('04. TH THEO LOẠI TS'!I73, '6. data thông tin nhân sự'!B:B,0)) -> Chính thức | N73: 46204 | P73: Đang sử dụng | R73: MH048 - mới mua ngày 17/09/2025
A74: 9 | B74: MH049 | C74: Màn hình máy tính | D74: Dell | F74: Khu vực BP Video | G74: Cái | H74: 1 | I74: 25032 | J74: =INDEX('6. data thông tin nhân sự'!C:C, MATCH('04. TH THEO LOẠI TS'!I74, '6. data thông tin nhân sự'!B:B,0)) -> Nguyễn Ngọc Thắng | K74: =INDEX('6. data thông tin nhân sự'!G:G, MATCH('04. TH THEO LOẠI TS'!I74, '6. data thông tin nhân sự'!B:B,0)) -> Sản xuất Video - Video Prodution | L74: =INDEX('6. data thông tin nhân sự'!D:D, MATCH('04. TH THEO LOẠI TS'!I74, '6. data thông tin nhân sự'!B:B,0)) -> Chính thức | N74: 46204 | P74: Đang sử dụng
A75: 10 | B75: MH043 | C75: Màn hình máy tính | D75: Dell | F75: Khu vực BP Video | G75: Cái | H75: 1 | I75: 25032 | J75: =INDEX('6. data thông tin nhân sự'!C:C, MATCH('04. TH THEO LOẠI TS'!I75, '6. data thông tin nhân sự'!B:B,0)) -> Nguyễn Ngọc Thắng | K75: =INDEX('6. data thông tin nhân sự'!G:G, MATCH('04. TH THEO LOẠI TS'!I75, '6. data thông tin nhân sự'!B:B,0)) -> Sản xuất Video - Video Prodution | L75: =INDEX('6. data thông tin nhân sự'!D:D, MATCH('04. TH THEO LOẠI TS'!I75, '6. data thông tin nhân sự'!B:B,0)) -> Chính thức | N75: 46204 | P75: Đang sử dụng | Q75: Phiếu BH | R75: MH043 - mới mua ngày 17/09/2025
A76: 11 | B76: MH010 | C76: Màn hình máy tính | D76: Asus Pro | F76: Khu vực BP Video | G76: Cái | H76: 1 | I76: 25045 | J76: =INDEX('6. data thông tin nhân sự'!C:C, MATCH('04. TH THEO LOẠI TS'!I76, '6. data thông tin nhân sự'!B:B,0)) -> Nguyễn Anh Tuấn | K76: =INDEX('6. data thông tin nhân sự'!G:G, MATCH('04. TH THEO LOẠI TS'!I76, '6. data thông tin nhân sự'!B:B,0)) -> Sản xuất Video - Video Prodution | L76: =INDEX('6. data thông tin nhân sự'!D:D, MATCH('04. TH THEO LOẠI TS'!I76, '6. data thông tin nhân sự'!B:B,0)) -> Chính thức | N76: 46204 | P76: Đang sử dụng | Q76: LINK | S76: Vũ Anh Duy sd tư 08/08/2025 đến ngày 15/12/2025
A77: 12 | B77: MH040 | C77: Màn hình máy tính | D77: Asus Pro | F77: Khu vực BP Video | G77: Cái | H77: 1 | I77: 25045 | J77: =INDEX('6. data thông tin nhân sự'!C:C, MATCH('04. TH THEO LOẠI TS'!I77, '6. data thông tin nhân sự'!B:B,0)) -> Nguyễn Anh Tuấn | K77: =INDEX('6. data thông tin nhân sự'!G:G, MATCH('04. TH THEO LOẠI TS'!I77, '6. data thông tin nhân sự'!B:B,0)) -> Sản xuất Video - Video Prodution | L77: =INDEX('6. data thông tin nhân sự'!D:D, MATCH('04. TH THEO LOẠI TS'!I77, '6. data thông tin nhân sự'!B:B,0)) -> Chính thức | N77: 46204 | P77: Đang sử dụng | S77: Vũ Anh Duy sd tư 08/08/2025 đến ngày 15/12/2025
A78: 13 | B78: MH011 | C78: Màn hình máy tính | D78: Asus pro | F78: Khu vực BP Video | G78: Cái | H78: 1 | I78: 25046 | J78: =INDEX('6. data thông tin nhân sự'!C:C, MATCH('04. TH THEO LOẠI TS'!I78, '6. data thông tin nhân sự'!B:B,0)) -> Phùng Vân Anh | K78: =INDEX('6. data thông tin nhân sự'!G:G, MATCH('04. TH THEO LOẠI TS'!I78, '6. data thông tin nhân sự'!B:B,0)) -> Sản xuất Video - Video Prodution | L78: =INDEX('6. data thông tin nhân sự'!D:D, MATCH('04. TH THEO LOẠI TS'!I78, '6. data thông tin nhân sự'!B:B,0)) -> Chính thức | N78: 46204 | P78: Đang sử dụng | S78: 25026 Vũ Hoàng Duy sd tư 08/08/2025 đến ngày 15/12/2025
A79: 14 | B79: MH009 | C79: Màn hình máy tính | D79: Asus pro | F79: Khu vực BP Video | G79: Cái | H79: 1 | I79: 25046 | J79: =INDEX('6. data thông tin nhân sự'!C:C, MATCH('04. TH THEO LOẠI TS'!I79, '6. data thông tin nhân sự'!B:B,0)) -> Phùng Vân Anh | K79: =INDEX('6. data thông tin nhân sự'!G:G, MATCH('04. TH THEO LOẠI TS'!I79, '6. data thông tin nhân sự'!B:B,0)) -> Sản xuất Video - Video Prodution | L79: =INDEX('6. data thông tin nhân sự'!D:D, MATCH('04. TH THEO LOẠI TS'!I79, '6. data thông tin nhân sự'!B:B,0)) -> Chính thức | N79: 46204 | P79: Đang sử dụng | S79: 25011- Lê Công Hoàng - từ ngày 8/8/2025 trả ngày 28/09/2025 | T79: "25026 Vũ Hoàng Duy Video Đang làm việc 08/08/2025 Đang sử dụng"
A80: 15 | B80: MH012 | C80: Màn hình máy tính | D80: Dell | F80: Khu vực BP MKT | G80: Cái | H80: 1 | I80: 20002 | J80: =INDEX('6. data thông tin nhân sự'!C:C, MATCH('04. TH THEO LOẠI TS'!I80, '6. data thông tin nhân sự'!B:B,0)) -> Đào Thị Thùy | K80: =INDEX('6. data thông tin nhân sự'!G:G, MATCH('04. TH THEO LOẠI TS'!I80, '6. data thông tin nhân sự'!B:B,0)) -> Truyền thông - Marketing | L80: =INDEX('6. data thông tin nhân sự'!D:D, MATCH('04. TH THEO LOẠI TS'!I80, '6. data thông tin nhân sự'!B:B,0)) -> Chính thức | N80: 45839 | P80: Đang sử dụng
A81: 16 | B81: MH013 | C81: Màn hình máy tính | D81: Dell | F81: Khu vực BP MKT | G81: Cái | H81: 1 | I81: 22002 | J81: =INDEX('6. data thông tin nhân sự'!C:C, MATCH('04. TH THEO LOẠI TS'!I81, '6. data thông tin nhân sự'!B:B,0)) -> Ngô Khánh Vi | K81: =INDEX('6. data thông tin nhân sự'!G:G, MATCH('04. TH THEO LOẠI TS'!I81, '6. data thông tin nhân sự'!B:B,0)) -> Truyền thông - Marketing | L81: =INDEX('6. data thông tin nhân sự'!D:D, MATCH('04. TH THEO LOẠI TS'!I81, '6. data thông tin nhân sự'!B:B,0)) -> Chính thức | N81: 46204 | P81: Đang sử dụng
A82: 17 | B82: MH036 | C82: Màn hình máy tính | D82: Dell | F82: Khu vực BP Creative | G82: Cái | H82: 1 | I82: 26023 | J82: =INDEX('6. data thông tin nhân sự'!C:C, MATCH('04. TH THEO LOẠI TS'!I82, '6. data thông tin nhân sự'!B:B,0)) -> Lê Đức Minh | K82: =INDEX('6. data thông tin nhân sự'!G:G, MATCH('04. TH THEO LOẠI TS'!I82, '6. data thông tin nhân sự'!B:B,0)) -> Sáng tạo - Creative | L82: =INDEX('6. data thông tin nhân sự'!D:D, MATCH('04. TH THEO LOẠI TS'!I82, '6. data thông tin nhân sự'!B:B,0)) -> Thử việc | N82: 46237 | P82: Đang sử dụng | S82: Nguyễn Chí Hiếu sd từ ngày 14/07/2026 đến ngày 03/08/2026 bàn giao lại HCNS 01/06/2026
A83: 18 | B83: MH045 | C83: Màn hình máy tính | D83: Dell | F83: Khu vực BP Creative | G83: Cái | H83: 1 | I83: 24003 | J83: =INDEX('6. data thông tin nhân sự'!C:C, MATCH('04. TH THEO LOẠI TS'!I83, '6. data thông tin nhân sự'!B:B,0)) -> Nguyễn Thị Hà Giang | K83: =INDEX('6. data thông tin nhân sự'!G:G, MATCH('04. TH THEO LOẠI TS'!I83, '6. data thông tin nhân sự'!B:B,0)) -> Sáng tạo - Creative | L83: =INDEX('6. data thông tin nhân sự'!D:D, MATCH('04. TH THEO LOẠI TS'!I83, '6. data thông tin nhân sự'!B:B,0)) -> Chính thức | N83: 46217 | P83: Đang sử dụng
A84: 19 | B84: MH017 | C84: Màn hình máy tính | D84: Dell | F84: Khu vực BP Creative | G84: Cái | H84: 1 | I84: 26001 | J84: =INDEX('6. data thông tin nhân sự'!C:C, MATCH('04. TH THEO LOẠI TS'!I84, '6. data thông tin nhân sự'!B:B,0)) -> Tô Hồng Đức | K84: =INDEX('6. data thông tin nhân sự'!G:G, MATCH('04. TH THEO LOẠI TS'!I84, '6. data thông tin nhân sự'!B:B,0)) -> Sáng tạo - Creative | L84: =INDEX('6. data thông tin nhân sự'!D:D, MATCH('04. TH THEO LOẠI TS'!I84, '6. data thông tin nhân sự'!B:B,0)) -> Chính thức | N84: 46217 | P84: Đang sử dụng
A85: 20 | B85: MH015 | C85: Màn hình máy tính | D85: Dell | F85: Khu vực BP Creative | G85: Cái | H85: 1 | I85: 21003 | J85: =INDEX('6. data thông tin nhân sự'!C:C, MATCH('04. TH THEO LOẠI TS'!I85, '6. data thông tin nhân sự'!B:B,0)) -> Đặng Đức Hoàng | K85: =INDEX('6. data thông tin nhân sự'!G:G, MATCH('04. TH THEO LOẠI TS'!I85, '6. data thông tin nhân sự'!B:B,0)) -> Sáng tạo - Creative | L85: =INDEX('6. data thông tin nhân sự'!D:D, MATCH('04. TH THEO LOẠI TS'!I85, '6. data thông tin nhân sự'!B:B,0)) -> Chính thức | N85: 46217 | P85: Đang sử dụng
A86: 21 | B86: MH021 | C86: Màn hình máy tính | D86: Dell | F86: Khu vực BP Event | G86: Cái | H86: 1 | I86: 24001 | J86: =INDEX('6. data thông tin nhân sự'!C:C, MATCH('04. TH THEO LOẠI TS'!I86, '6. data thông tin nhân sự'!B:B,0)) -> Lê Lâm Cường | K86: =INDEX('6. data thông tin nhân sự'!G:G, MATCH('04. TH THEO LOẠI TS'!I86, '6. data thông tin nhân sự'!B:B,0)) -> Sự kiện - Event | L86: =INDEX('6. data thông tin nhân sự'!D:D, MATCH('04. TH THEO LOẠI TS'!I86, '6. data thông tin nhân sự'!B:B,0)) -> Nghỉ việc | N86: 46204 | P86: Đang sử dụng
A87: 22 | B87: MH050 | C87: Màn hình máy tính | D87: Dell | F87: Khu vực BP Event | G87: Cái | H87: 1 | I87: 22001 | J87: =INDEX('6. data thông tin nhân sự'!C:C, MATCH('04. TH THEO LOẠI TS'!I87, '6. data thông tin nhân sự'!B:B,0)) -> Bùi Xuân Dân | K87: =INDEX('6. data thông tin nhân sự'!G:G, MATCH('04. TH THEO LOẠI TS'!I87, '6. data thông tin nhân sự'!B:B,0)) -> Sự kiện - Event | L87: =INDEX('6. data thông tin nhân sự'!D:D, MATCH('04. TH THEO LOẠI TS'!I87, '6. data thông tin nhân sự'!B:B,0)) -> Chính thức | N87: 46204 | P87: Đang sử dụng | R87: MH050 - mới mua ngày 1/10/2025
A88: 23 | B88: MH019 | C88: Màn hình máy tính | D88: Dell | F88: Khu vực BP Event | G88: Cái | H88: 1 | I88: 23008 | J88: =INDEX('6. data thông tin nhân sự'!C:C, MATCH('04. TH THEO LOẠI TS'!I88, '6. data thông tin nhân sự'!B:B,0)) -> Hoàng Hà Giang | K88: =INDEX('6. data thông tin nhân sự'!G:G, MATCH('04. TH THEO LOẠI TS'!I88, '6. data thông tin nhân sự'!B:B,0)) -> Sự kiện - Event | L88: =INDEX('6. data thông tin nhân sự'!D:D, MATCH('04. TH THEO LOẠI TS'!I88, '6. data thông tin nhân sự'!B:B,0)) -> Chính thức | N88: 46204 | P88: Đang sử dụng
A89: 24 | B89: MH020 | C89: Màn hình máy tính | D89: Dell | F89: Khu vực BP Event | G89: Cái | H89: 1 | I89: 25028 | J89: =INDEX('6. data thông tin nhân sự'!C:C, MATCH('04. TH THEO LOẠI TS'!I89, '6. data thông tin nhân sự'!B:B,0)) -> Nguyễn Phương Anh | K89: =INDEX('6. data thông tin nhân sự'!G:G, MATCH('04. TH THEO LOẠI TS'!I89, '6. data thông tin nhân sự'!B:B,0)) -> Sự kiện - Event | L89: =INDEX('6. data thông tin nhân sự'!D:D, MATCH('04. TH THEO LOẠI TS'!I89, '6. data thông tin nhân sự'!B:B,0)) -> Chính thức | N89: 46204 | P89: Đang sử dụng
A90: 25 | B90: MH046 | C90: Màn hình máy tính | D90: Dell | F90: Khu vực BP Event | G90: Cái | H90: 1 | I90: 25012 | J90: =INDEX('6. data thông tin nhân sự'!C:C, MATCH('04. TH THEO LOẠI TS'!I90, '6. data thông tin nhân sự'!B:B,0)) -> Dương Nguyên Bảo | K90: =INDEX('6. data thông tin nhân sự'!G:G, MATCH('04. TH THEO LOẠI TS'!I90, '6. data thông tin nhân sự'!B:B,0)) -> Sự kiện - Event | L90: =INDEX('6. data thông tin nhân sự'!D:D, MATCH('04. TH THEO LOẠI TS'!I90, '6. data thông tin nhân sự'!B:B,0)) -> Chính thức | N90: 46204 | P90: Đang sử dụng
A91: 26 | B91: MH035 | C91: Màn hình máy tính | D91: Dell | F91: Khu vực BP Event | G91: Cái | H91: 1 | I91: 25030 | J91: =INDEX('6. data thông tin nhân sự'!C:C, MATCH('04. TH THEO LOẠI TS'!I91, '6. data thông tin nhân sự'!B:B,0)) -> Hoàng Tuấn Anh | K91: =INDEX('6. data thông tin nhân sự'!G:G, MATCH('04. TH THEO LOẠI TS'!I91, '6. data thông tin nhân sự'!B:B,0)) -> Sự kiện - Event | L91: =INDEX('6. data thông tin nhân sự'!D:D, MATCH('04. TH THEO LOẠI TS'!I91, '6. data thông tin nhân sự'!B:B,0)) -> Chính thức | N91: 46204 | P91: Đang sử dụng
A92: 27 | B92: MH038 | C92: Màn hình máy tính | D92: Dell | F92: Khu vực BP Thiết kế | G92: Cái | H92: 1 | I92: 20001 | J92: =INDEX('6. data thông tin nhân sự'!C:C, MATCH('04. TH THEO LOẠI TS'!I92, '6. data thông tin nhân sự'!B:B,0)) -> Hoàng Quốc Nghị | K92: =INDEX('6. data thông tin nhân sự'!G:G, MATCH('04. TH THEO LOẠI TS'!I92, '6. data thông tin nhân sự'!B:B,0)) -> Thiết kế - Design | L92: =INDEX('6. data thông tin nhân sự'!D:D, MATCH('04. TH THEO LOẠI TS'!I92, '6. data thông tin nhân sự'!B:B,0)) -> Chính thức | N92: 46204 | P92: Đang sử dụng
A93: 28 | B93: MH025 | C93: Màn hình máy tính | D93: Dell | F93: Khu vực BP Thiết kế | G93: Cái | H93: 1 | I93: 21002 | J93: =INDEX('6. data thông tin nhân sự'!C:C, MATCH('04. TH THEO LOẠI TS'!I93, '6. data thông tin nhân sự'!B:B,0)) -> Nguyễn Phương Mai | K93: =INDEX('6. data thông tin nhân sự'!G:G, MATCH('04. TH THEO LOẠI TS'!I93, '6. data thông tin nhân sự'!B:B,0)) -> Thiết kế - Design | L93: =INDEX('6. data thông tin nhân sự'!D:D, MATCH('04. TH THEO LOẠI TS'!I93, '6. data thông tin nhân sự'!B:B,0)) -> Chính thức | N93: 46204 | P93: Đang sử dụng
A94: 29 | B94: MH024 | C94: Màn hình máy tính | D94: Dell | F94: Khu vực BP Thiết kế | G94: Cái | H94: 1 | I94: 21001 | J94: =INDEX('6. data thông tin nhân sự'!C:C, MATCH('04. TH THEO LOẠI TS'!I94, '6. data thông tin nhân sự'!B:B,0)) -> Nguyễn Việt Thắng | K94: =INDEX('6. data thông tin nhân sự'!G:G, MATCH('04. TH THEO LOẠI TS'!I94, '6. data thông tin nhân sự'!B:B,0)) -> Thiết kế - Design | L94: =INDEX('6. data thông tin nhân sự'!D:D, MATCH('04. TH THEO LOẠI TS'!I94, '6. data thông tin nhân sự'!B:B,0)) -> Chính thức | N94: 46204 | P94: Đang sử dụng
A95: 30 | B95: MH026 | C95: Màn hình máy tính | D95: Dell | F95: Khu vực BP Thiết kế | G95: Cái | H95: 1 | I95: 23001 | J95: =INDEX('6. data thông tin nhân sự'!C:C, MATCH('04. TH THEO LOẠI TS'!I95, '6. data thông tin nhân sự'!B:B,0)) -> Thái Thị Thanh Thảo | K95: =INDEX('6. data thông tin nhân sự'!G:G, MATCH('04. TH THEO LOẠI TS'!I95, '6. data thông tin nhân sự'!B:B,0)) -> Thiết kế - Design | L95: =INDEX('6. data thông tin nhân sự'!D:D, MATCH('04. TH THEO LOẠI TS'!I95, '6. data thông tin nhân sự'!B:B,0)) -> Chính thức | N95: 46204 | P95: Đang sử dụng
A96: 31 | B96: MH027 | C96: Màn hình máy tính | D96: Dell | F96: Khu vực BP Thiết kế | G96: Cái | H96: 1 | I96: 26003 | J96: =INDEX('6. data thông tin nhân sự'!C:C, MATCH('04. TH THEO LOẠI TS'!I96, '6. data thông tin nhân sự'!B:B,0)) -> Vũ Đăng Duy | K96: =INDEX('6. data thông tin nhân sự'!G:G, MATCH('04. TH THEO LOẠI TS'!I96, '6. data thông tin nhân sự'!B:B,0)) -> Thiết kế - Design | L96: =INDEX('6. data thông tin nhân sự'!D:D, MATCH('04. TH THEO LOẠI TS'!I96, '6. data thông tin nhân sự'!B:B,0)) -> Chính thức | N96: 46204 | P96: Đang sử dụng | S96: Lương Văn Tuấn Design sd từ ngày 08/08/2025 đến ngày 27/02/2026 bàn giao HCNS 27/02/2026
A97: 32 | B97: MH028 | C97: Màn hình máy tính | D97: Dell | F97: Khu vực BP Thiết kế | G97: Cái | H97: 1 | I97: 23002 | J97: =INDEX('6. data thông tin nhân sự'!C:C, MATCH('04. TH THEO LOẠI TS'!I97, '6. data thông tin nhân sự'!B:B,0)) -> Vũ Thị Mai Linh | K97: =INDEX('6. data thông tin nhân sự'!G:G, MATCH('04. TH THEO LOẠI TS'!I97, '6. data thông tin nhân sự'!B:B,0)) -> Thiết kế - Design | L97: =INDEX('6. data thông tin nhân sự'!D:D, MATCH('04. TH THEO LOẠI TS'!I97, '6. data thông tin nhân sự'!B:B,0)) -> Chính thức | N97: 46203 | P97: Đang sử dụng
A98: 33 | B98: MH029 | C98: Màn hình máy tính | D98: Dell | F98: Khu vực BP Thiết kế | G98: Cái | H98: 1 | I98: 24006 | J98: =INDEX('6. data thông tin nhân sự'!C:C, MATCH('04. TH THEO LOẠI TS'!I98, '6. data thông tin nhân sự'!B:B,0)) -> Nguyễn Thị Thuỷ Tiên | K98: =INDEX('6. data thông tin nhân sự'!G:G, MATCH('04. TH THEO LOẠI TS'!I98, '6. data thông tin nhân sự'!B:B,0)) -> Thiết kế - Design | L98: =INDEX('6. data thông tin nhân sự'!D:D, MATCH('04. TH THEO LOẠI TS'!I98, '6. data thông tin nhân sự'!B:B,0)) -> Chính thức | N98: 46204 | P98: Đang sử dụng
A99: 34 | B99: MH030 | C99: Màn hình máy tính | D99: Dell | F99: Khu vực BP Thiết kế | G99: Cái | H99: 1 | I99: 24009 | J99: =INDEX('6. data thông tin nhân sự'!C:C, MATCH('04. TH THEO LOẠI TS'!I99, '6. data thông tin nhân sự'!B:B,0)) -> Bùi Trịnh Tuệ Khanh | K99: =INDEX('6. data thông tin nhân sự'!G:G, MATCH('04. TH THEO LOẠI TS'!I99, '6. data thông tin nhân sự'!B:B,0)) -> Thiết kế - Design | L99: =INDEX('6. data thông tin nhân sự'!D:D, MATCH('04. TH THEO LOẠI TS'!I99, '6. data thông tin nhân sự'!B:B,0)) -> Chính thức | N99: 46204 | P99: Đang sử dụng
A100: 35 | B100: MH055 | C100: Màn hình máy tính | D100: Dell | F100: Khu vực BP Thiết kế | G100: Cái | H100: 1 | I100: 26027 | J100: =INDEX('6. data thông tin nhân sự'!C:C, MATCH('04. TH THEO LOẠI TS'!I100, '6. data thông tin nhân sự'!B:B,0)) -> Trần Duy Nam | K100: =INDEX('6. data thông tin nhân sự'!G:G, MATCH('04. TH THEO LOẠI TS'!I100, '6. data thông tin nhân sự'!B:B,0)) -> Thiết kế - Design | L100: =INDEX('6. data thông tin nhân sự'!D:D, MATCH('04. TH THEO LOẠI TS'!I100, '6. data thông tin nhân sự'!B:B,0)) -> Thử việc | N100: 46204 | P100: Đang sử dụng
...

Sheet Code Data
A1: TS CỐ ĐỊNH | F1: TS MÁY MÓC THIẾT BỊ
A2: Tên tài sản | B2: Vị trí | C2: Đơn vị tính | F2: Tên tài sản | G2: TRẠNG THÁI TÀI SẢN | J2: Loại tài sản | K2: VỊ TRÍ | N2: Đồ điện tử | Q2: Ban giám đốc - BOD | S2: Bán thanh lý
A3: Bàn làm việc nhân viên | B3: Phòng HCNS | C3: Chiếc | F3: Laptop | G3: Đang sử dụng | J3: TS cố định | N3: Nội thất văn phòng | Q3: Kinh doanh - Account | S3: Hỏng vứt
A4: Bàn trưởng phòng | B4: Phòng Kế toán | F4: PC | G4: Tồn kho | J4: TS máy móc thiết bị | N4: Khác | Q4: Thiết kế - Design
A5: Bàn TGĐ | B5: Phòng Event | F5: Màn hình máy tính | G5: Hỏng/ thanh lý | Q5: Sự kiện - Event
A6: Bàn họp dài | B6: Phòng Creative | F6: Bàn phím | Q6: Sáng tạo - Creative
A7: Bàn họp lớn | B7: Phòng thiết kế | F7: Chuột | Q7: Truyền thông - Marketing
A8: Bàn họp nhỏ | B8: Phòng video | F8: Ram | Q8: Sản xuất Video - Video Prodution
A9: Bàn cafe | B9: Phòng kinh doanh | F9: Ổ cứng | Q9: Tài chính & Kế toán - Finance & Accounting
A10: Bàn ăn dài | B10: Phòng MKT | F10: Tivi | Q10: Hành chính nhân sự - HR & Admin
A11: Bàn ăn ngắn | B11: Phòng dự án | Q11: Xưởng - Production
A12: Bàn đảo | B12: Phòng sáng tạo - Next | F12: Bộ thiết bị cam
A13: Bàn gỗ trắng tròn | B13: Tồn kho
A14: Bàn kính trắng tròn
A15: Ghế nhân viên trắng
A16: Ghế TP trắng
A17: Ghế TP đen
A18: Ghế bàn bar màu đỏ
A19: Ghế bàn bar màu đen
A20: Ghế bàn họp T3
A21: Ghế bàn ăn đen
A22: Ghế bàn ăn đỏ
A23: Ghế gấp nhựa
A24: Ghế vòm cong
A25: Ghế bar sắt
... A29: Ghế ăn tiếp khách

Sheet 02. TS máy móc thiết bị
A1: 📄DANH MỤC TÀI SẢN MÁY MÓC THIẾT BỊ
A3: MÃ TS | B3: TÊN TÀI SẢN | C3: HÃNG MUA | D3: THÔNG SỐ KĨ THUẬT | E3: VỊ TRÍ | F3: ĐƠN VỊ TÍNH | G3: SỐ LƯỢNG | H3: MÃ NHÂN VIÊN SD GẦN NHẤT | I3: HỌ TÊN NHÂN VIÊN SD GẦN NHẤT | J3: BỘ PHẬN | K3: TRẠNG THÁI NHÂN VIÊN ĐANG SD | L3: MÃ BIÊN BẢN BÀN GIAO | M3: NGÀY CẤP | N3: NGÀY HOÀN TRẢ | O3: TRẠNG THÁI TÀI SẢN | P3: MÃ SỐ BẢO HÀNH | Q3: GHI CHÚ | R3: NGƯỜI SỬ DỤNG 1 | S3: NGƯỜI SỬ DỤNG 2 | T3: NGƯỜI SỬ DỤNG 3
A4: LT001 | B4: Laptop | E4: Phòng kế toán | F4: Cái | G4: 1 | I4: Nguyễn Hồng Nhung | J4: TCKT | K4: Đang làm việc | M4: 45877 | O4: Đang sử dụng
A5: LT002 | B5: Laptop | F5: Cái | G5: 1
A6: LT003 | B6: Laptop | F6: Cái | G6: 1
A7: LT004 | B7: Laptop | F7: Cái | G7: 1
A8: LT005 | B8: Laptop | F8: Cái | G8: 1
A9: LT006 | B9: Laptop | F9: Cái | G9: 1
A10: PC001 | B10: PC | E10: Khu vực lễ tân | F10: Cái | G10: 1 | I10: Ngô Thị Hồng Hải | J10: HCNS | K10: Đang làm việc | M10: 45877 | O10: Đang sử dụng
A11: PC002 | B11: PC | E11: Phòng kế toán | F11: Cái | G11: 1 | I11: Bùi Thị Quý Thương | J11: TCKT | K11: Đang làm việc | M11: 45877 | O11: Đang sử dụng
A12: PC003 | B12: PC | E12: Phòng kế toán | F12: Cái | G12: 1 | I12: Lê Thương Huyền | J12: TCKT | K12: Đang làm việc | M12: 45877 | O12: Đang sử dụng
A13: PC004 | B13: PC | E13: Phòng kế toán | F13: Cái | G13: 1 | I13: Nguyễn Thu Hà | J13: TCKT | K13: Đang làm việc | M13: 45877 | O13: Đang sử dụng
A14: PC005 | B14: PC | E14: Phòng kế toán | F14: Cái | G14: 1 | I14: Nguyễn Phương Anh | J14: TCKT | K14: Đang làm việc | M14: 45877 | O14: Đang sử dụng
A15: PC006 | B15: PC | E15: Phòng kế toán | F15: Cái | G15: 1 | I15: Nguyễn Thị Hồng | J15: TCKT | K15: Đang làm việc | M15: 45877 | O15: Đang sử dụng
A16: PC007 | B16: PC | E16: Khu vực BP Video | F16: Cái | G16: 1 | I16: Quách Phương Thảo | J16: Video | K16: Đang làm việc | M16: 45877 | O16: Đang sử dụng
A17: PC008 | B17: PC | E17: Khu vực BP Video | F17: Cái | G17: 1 | I17: Nguyễn Thành Long | J17: Video | K17: Đang làm việc | M17: 45877 | O17: Đang sử dụng
A18: PC009 | B18: PC | E18: Khu vực BP Video | F18: Cái | G18: 1 | I18: Lê Công Hoàng | J18: Video | K18: Đang làm việc | M18: 45877 | O18: Đang sử dụng
A19: PC010 | B19: PC | E19: Khu vực BP Video | F19: Cái | G19: 1 | I19: Vũ Anh Duy | J19: Video | K19: Đang làm việc | M19: 45877
A20: PC011 | B20: PC | E20: Khu vực BP Video | F20: Cái | G20: 1 | I20: Vũ Hoàng Duy | J20: Video | K20: Đang làm việc | M20: 45877 | O20: Tồn kho
A21: PC012 | B21: PC | E21: Khu vực BP MKT | F21: Cái | G21: 1 | I21: Đào Thị Thùy | J21: MKT | K21: Đang làm việc | M21: 45877 | O21: Đang sử dụng
A22: PC013 | B22: PC | E22: Khu vực BP MKT | F22: Cái | G22: 1 | I22: Ngô Khánh Vi | J22: MKT | K22: Đang làm việc | M22: 45877 | O22: Đang sử dụng
A23: PC014 | B23: PC | E23: Khu vực BP MKT | F23: Cái | G23: 1 | O23: Tồn kho | Q23: Chỗ ngồi Phương Ngọc MKT
A24: PC015 | B24: PC | E24: Khu vực BP Creative | F24: Cái | G24: 1 | I24: Đặng Đức Hoàng | J24: Creative | K24: Đang làm việc | M24: 45877 | O24: Đang sử dụng
A25: PC016 | B25: PC | E25: Khu vực BP Creative | F25: Cái | G25: 1 | I25: Nguyễn Chí Hiếu | J25: Creative | K25: Đang làm việc | M25: 45877 | O25: Đang sử dụng
A26: PC017 | B26: PC | E26: Khu vực BP MKT | F26: Cái | G26: 1 | O26: Tồn kho | Q26: Chỗ ngồi Nguỵ Vân Anh MKT
A27: PC018 | B27: PC | E27: Khu vực BP Event | F27: Cái | G27: 1 | I27: Bùi Xuân Dân | J27: Event | K27: Đang làm việc | M27: 45877 | O27: Đang sử dụng
A28: PC019 | B28: PC | E28: Khu vực BP Event | F28: Cái | G28: 1 | I28: Hoàng Hà Giang | J28: Event | K28: Đang làm việc | M28: 45877 | O28: Đang sử dụng
A29: PC020 | B29: PC | E29: Khu vực BP Event | F29: Cái | G29: 1 | I29: Phạm Thị Ánh Tuệ | J29: Event | K29: Đang làm việc | M29: 45877 | O29: Đang sử dụng
A30: PC021 | B30: PC | E30: Khu vực BP Event | F30: Cái | G30: 1 | I30: Lê Lâm Cường | J30: Event | K30: Đang làm việc | M30: 45877 | O30: Đang sử dụng
A31: PC022 | B31: PC | E31: Khu vực BP Event | F31: Cái | G31: 1 | I31: Lê Văn Kha | J31: Event | K31: Đang làm việc | M31: 45877 | O31: Đang sử dụng
A32: PC023 | B32: PC | E32: Khu vực BP Thiết kế | F32: Cái | G32: 1 | I32: Hoàng Quốc Nghị | J32: Design | K32: Đang làm việc | O32: Đang sử dụng
A33: PC024 | B33: PC | E33: Khu vực BP Thiết kế | F33: Cái | G33: 1 | I33: Nguyễn Việt Thắng | J33: Design | K33: Đang làm việc | O33: Đang sử dụng
A34: PC025 | B34: PC | E34: Khu vực BP Thiết kế | F34: Cái | G34: 1 | I34: Nguyễn Phương Mai | J34: Design | K34: Đang làm việc | O34: Đang sử dụng
A35: PC026 | B35: PC | E35: Khu vực BP Thiết kế | F35: Cái | G35: 1 | I35: Thái Thị Thanh Thảo | J35: Design | K35: Đang làm việc | O35: Đang sử dụng
A36: PC027 | B36: PC | E36: Khu vực BP Thiết kế | F36: Cái | G36: 1 | I36: Lương Văn Tuấn | J36: Design | K36: Đang làm việc | O36: Đang sử dụng
A37: PC028 | B37: PC | E37: Khu vực BP Thiết kế | F37: Cái | G37: 1 | I37: Vũ Thị Mai Linh | J37: Design | K37: Đang làm việc | O37: Đang sử dụng
A38: PC029 | B38: PC | E38: Khu vực BP Thiết kế | F38: Cái | G38: 1 | I38: Nguyễn Thị Thuỷ Tiên | J38: Design | K38: Đang làm việc | O38: Đang sử dụng
A39: PC030 | B39: PC | E39: Khu vực BP Kinh doanh | F39: Cái | G39: 1 | I39: Bùi Trịnh Tuệ Khanh | J39: Design | K39: Đang làm việc | O39: Đang sử dụng
A40: PC031 | B40: PC | E40: Khu vực BP Kinh doanh | F40: Cái | G40: 1 | I40: Đinh Ngọc Thành | J40: Design | K40: Đang làm việc | O40: Đang sử dụng
A41: PC032 | B41: PC | E41: Khu vực BP Kinh doanh | F41: Cái | G41: 1 | I41: Phạm Phương Nhung | J41: Trợ lý | K41: Đang làm việc | O41: Đang sử dụng
A42: PC033 | B42: PC | E42: Khu vực BP Creative | F42: Cái | G42: 1 | I42: Nguyễn Mạnh Hoàng | J42: Creative | K42: Đang làm việc | O42: Đang sử dụng
A43: PC034 | B43: PC | F43: Cái | G43: 1 | O43: Tồn kho
A44: PC035 | B44: PC | F44: Cái | G44: 1 | O44: Tồn kho
A45: PC036 | B45: PC | F45: Cái | G45: 1 | O45: Tồn kho
A46: PC037 | B46: PC | F46: Cái | G46: 1 | O46: Tồn kho
A47: PC038 | B47: PC | F47: Cái | G47: 1
A48: PC039 | B48: PC | F48: Cái | G48: 1
A49: PC040 | B49: PC | F49: Cái | G49: 1
A50: PC041 | B50: PC | F50: Cái | G50: 1
A51: PC042 | B51: PC | F51: Cái | G51: 1
A52: PC043 | B52: PC | F52: Cái | G52: 1
A53: PC044 | B53: PC | F53: Cái | G53: 1
A54: PC045 | B54: PC | F54: Cái | G54: 1
A55: PC046 | B55: PC | F55: Cái | G55: 1
A56: PC047 | B56: PC | F56: Cái | G56: 1
A57: PC048 | B57: PC | F57: Cái | G57: 1
A58: PC049 | B58: PC | F58: Cái | G58: 1
A59: PC050 | B59: PC | F59: Cái | G59: 1
A60: MH001 | B60: Màn hình máy tính | C60: Dell | D60: Dell 21.45inch | E60: Khu vực lễ tân | F60: Cái | G60: 1 | I60: Ngô Thị Hồng Hải | J60: HCNS | K60: Đang làm việc | M60: 45877 | O60: Đang sử dụng
A61: MH002 | B61: Màn hình máy tính | C61: Dell | D61: Dell 21.45inch | E61: Phòng kế toán | F61: Cái | G61: 1 | I61: Bùi Thị Quý Thương | J61: TCKT | K61: Đang làm việc | M61: 45877 | O61: Đang sử dụng
A62: MH003 | B62: Màn hình máy tính | C62: Dell | D62: Dell 24inch | E62: Phòng kế toán | F62: Cái | G62: 1 | I62: Lê Thương Huyền | J62: TCKT | K62: Đang làm việc | M62: 45877 | O62: Đang sử dụng
A63: MH004 | B63: Màn hình máy tính | C63: Dell | D63: Dell 24 inch | E63: Phòng kế toán | F63: Cái | G63: 1 | I63: Nguyễn Thu Hà | J63: TCKT | K63: Đang làm việc | M63: 45877 | O63: Đang sử dụng
A64: MH005 | B64: Màn hình máy tính | C64: Dell | D64: Dell 22 inch | E64: Phòng kế toán | F64: Cái | G64: 1 | I64: Nguyễn Phương Anh | J64: TCKT | K64: Đang làm việc | M64: 45877 | O64: Đang sử dụng
A65: MH006 | B65: Màn hình máy tính | C65: Dell | D65: Dell 23.6 inch | E65: Phòng kế toán | F65: Cái | G65: 1 | I65: Nguyễn Thị Hồng | J65: TCKT | K65: Đang làm việc | M65: 45877 | O65: Đang sử dụng
A66: MH007 | B66: Màn hình máy tính | C66: Dell | D66: Dell 24 inch | E66: Khu vực BP Video | F66: Cái | G66: 1 | I66: Quách Phương Thảo | J66: Video | K66: Đang làm việc | M66: 45877 | O66: Đang sử dụng
A67: MH008 | B67: Màn hình máy tính | C67: Dell | D67: Dell 24 inch | E67: Khu vực BP Video | F67: Cái | G67: 1 | I67: Nguyễn Thành Long | J67: Video | K67: Đang làm việc | M67: 08/085/2025 | O67: Đang sử dụng
A68: MH009 | B68: Màn hình máy tính | E68: Khu vực BP Video | F68: Cái | G68: 1 | I68: Lê Công Hoàng | J68: Video | K68: Đang làm việc | M68: 45877 | O68: Đang sử dụng
A69: MH010 | B69: Màn hình máy tính | E69: Khu vực BP Video | F69: Cái | G69: 1 | I69: Vũ Anh Duy | J69: Video | K69: Đang làm việc | M69: 45877
A70: MH011 | B70: Màn hình máy tính | E70: Khu vực BP Video | F70: Cái | G70: 1 | I70: Vũ Hoàng Duy | J70: Video | K70: Đang làm việc | M70: 45877 | O70: Đang sử dụng
A71: MH012 | B71: Màn hình máy tính | E71: Khu vực BP MKT | F71: Cái | G71: 1 | I71: Đào Thị Thùy | J71: MKT | K71: Đang làm việc | M71: 45877 | O71: Đang sử dụng
A72: MH013 | B72: Màn hình máy tính | E72: Khu vực BP MKT | F72: Cái | G72: 1 | I72: Ngô Khánh Vi | J72: MKT | K72: Đang làm việc | M72: 45877 | O72: Đang sử dụng
A73: MH014 | B73: Màn hình máy tính | E73: Khu vực lễ tân | F73: Cái | G73: 1 | I73: Bạch Thị Lệ Hằng | J73: HCNS | K73: Đang làm việc | M73: 45877 | O73: Đang sử dụng
A74: MH015 | B74: Màn hình máy tính | E74: Khu vực BP Creative | F74: Cái | G74: 1 | I74: Đặng Đức Hoàng | J74: Creative | K74: Đang làm việc | M74: 45877 | O74: Đang sử dụng
A75: MH016 | B75: Màn hình máy tính | E75: Khu vực BP Creative | F75: Cái | G75: 1 | I75: Nguyễn Chí Hiếu | J75: Creative | K75: Đang làm việc | M75: 45877 | O75: Đang sử dụng
A76: MH017 | B76: Màn hình máy tính | E76: Khu vực BP Creative | F76: Cái | G76: 1 | I76: Nguyễn Mạnh Hoàng | J76: Creative | K76: Đang làm việc | M76: 45877 | O76: Đang sử dụng
A77: MH018 | B77: Màn hình máy tính | E77: Khu vực BP Event | F77: Cái | G77: 1 | I77: Bùi Xuân Dân | J77: Event | K77: Đang làm việc | M77: 45877 | O77: Đang sử dụng
A78: MH019 | B78: Màn hình máy tính | E78: Khu vực BP Event | F78: Cái | G78: 1 | I78: Hoàng Hà Giang | J78: Event | K78: Đang làm việc | M78: 45877 | O78: Đang sử dụng
A79: MH020 | B79: Màn hình máy tính | E79: Khu vực BP Event | F79: Cái | G79: 1 | I79: Phạm Thị Ánh Tuệ | J79: Event | K79: Đang làm việc | M79: 45877 | O79: Đang sử dụng
A80: MH021 | B80: Màn hình máy tính | E80: Khu vực BP Event | F80: Cái | G80: 1 | I80: Lê Lâm Cường | J80: Event | K80: Đang làm việc | M80: 45877 | O80: Đang sử dụng
A81: MH022 | B81: Màn hình máy tính | E81: Khu vực BP Event | F81: Cái | G81: 1 | I81: Lê Văn Kha | J81: Event | K81: Đang làm việc | M81: 45877 | O81: Đang sử dụng
A82: MH023 | B82: Màn hình máy tính | E82: Khu vực BP Thiết kế | F82: Cái | G82: 1 | I82: Hoàng Quốc Nghị | J82: Design | K82: Đang làm việc | O82: Đang sử dụng
A83: MH024 | B83: Màn hình máy tính | E83: Khu vực BP Thiết kế | F83: Cái | G83: 1 | I83: Nguyễn Việt Thắng | J83: Design | K83: Đang làm việc | O83: Đang sử dụng
A84: MH025 | B84: Màn hình máy tính | E84: Khu vực BP Thiết kế | F84: Cái | G84: 1 | I84: Nguyễn Phương Mai | J84: Design | K84: Đang làm việc | O84: Đang sử dụng
A85: MH026 | B85: Màn hình máy tính | E85: Khu vực BP Thiết kế | F85: Cái | G85: 1 | I85: Thái Thị Thanh Thảo | J85: Design | K85: Đang làm việc | O85: Đang sử dụng
A86: MH027 | B86: Màn hình máy tính | E86: Khu vực BP Thiết kế | F86: Cái | G86: 1 | I86: Lương Văn Tuấn | J86: Design | K86: Đang làm việc | O86: Đang sử dụng
A87: MH028 | B87: Màn hình máy tính | E87: Khu vực BP Thiết kế | F87: Cái | G87: 1 | I87: Vũ Thị Mai Linh | J87: Design | K87: Đang làm việc | O87: Đang sử dụng
A88: MH029 | B88: Màn hình máy tính | E88: Khu vực BP Thiết kế | F88: Cái | G88: 1 | I88: Nguyễn Thị Thuỷ Tiên | J88: Design | K88: Đang làm việc | O88: Đang sử dụng
A89: MH030 | B89: Màn hình máy tính | E89: Khu vực BP Kinh doanh | F89: Cái | G89: 1 | I89: Bùi Trịnh Tuệ Khanh | J89: Design | K89: Đang làm việc | O89: Đang sử dụng
A90: MH031 | B90: Màn hình máy tính | E90: Khu vực BP Kinh doanh | F90: Cái | G90: 1 | I90: Đinh Ngọc Thành | J90: Design | K90: Đang làm việc | O90: Đang sử dụng
A91: MH032 | B91: Màn hình máy tính | E91: Khu vực BP Kinh doanh | F91: Cái | G91: 1 | I91: Phạm Phương Nhung | J91: Trợ lý | K91: Đang làm việc
A92: MH033 | B92: Màn hình máy tính | E92: Khu vực BP Video | F92: Cái | G92: 1 | O92: Tồn kho | Q92: Chỗ ngồi Phương Ngọc MKT
A93: MH034 | B93: Màn hình máy tính | E93: Khu vực BP Video | F93: Cái | G93: 1 | O93: Tồn kho | Q93: Chỗ ngồi Nguỵ Vân Anh MKT
A94: MH035 | B94: Màn hình máy tính | E94: Khu vực BP Video | F94: Cái | G94: 1 | O94: Tồn kho
A95: MH036 | B95: Màn hình máy tính | E95: Khu vực BP Creative | F95: Cái | G95: 1 | O95: Tồn kho
A96: MH037 | B96: Màn hình máy tính | E96: Khu vực BP Event | F96: Cái | G96: 1 | O96: Tồn kho
A97: MH038 | B97: Màn hình máy tính | E97: Khu vực BP Thiết kế | F97: Cái | G97: 1 | I97: Hoàng Quốc Nghị | J97: Design | K97: Đang làm việc | O97: Đang sử dụng
A98: MH039 | B98: Màn hình máy tính | E98: Khu vực BP Creative | F98: Cái | G98: 1 | I98: Nguyễn Mạnh Hoàng | J98: Creative | K98: Đang làm việc | M98: 45877 | O98: Đang sử dụng
A99: MH040 | B99: Màn hình máy tính | E99: Khu vực BP Video | F99: Cái | G99: 1 | I99: Vũ Anh Duy | J99: Video | K99: Đang làm việc | M99: 45877 | O99: Đang sử dụng
A100: MH041 | B100: Màn hình máy tính | E100: Khu vực BP Video | F100: Cái | G100: 1 | I100: Đào Thu Hà | J100: Video | K100: Đang làm việc | M100: 45877 | O100: Đang sử dụng
A102: BP001 | B102: Bàn phím | C102: Fuhlen | D102: L411 | E102: Khu vực lễ tân | F102: Cái | G102: 1 | I102: Ngô Thị Hồng Hải | J102: HCNS | K102: Đang làm việc | M102: 45877 | O102: Đang sử dụng
...

Sheet Sheet1
A1: Stt | B1: Mã số | D1: Tên hạng mục | E1: Chủng loại | F1: Ngày mua | G1: Hạn bảo hành | H1: Người sử dụng hiện tại | I1: Bộ phận | J1: Hiện trạng | K1: Ngày sửa lần 1 | L1: Ngày sửa lần 2 | M1: Ghi chú
A2: ĐỢT KIỂM TRA: 11/06/2025
A3: 1 | B3: TK-LT01 | D3: Laptop phòng thiết kế: Dell M3510, i7,Ram 16GB, SSD500GB, LCD15" | E3: Máy móc, thiết bị | F3: 26/12/2024 | G3: 36 | H3: dùng chung | I3: Thiết kế
A4: =A3+1 -> 2 | B4: TK-BMT01 | D4: Bộ máy tính thiết kế Mai sd: Bo mạch P8Z277/Chip i7/Bộ nhớ 2x8GB/Ổ cứng SSD120GB/Card màn hình GTX680, Màn hình 23"/Chuột G300 | E4: Máy móc, thiết bị | F4: 19/10/2019 | G4: 36 | H4: Nguyễn Thủy Tiên | I4: Thiết kế
A5: =A4+1 -> 3 | B5: TK-BMT01 - NC01 | D5: Thay thế linh kiện máy tính thiết kế cho Mai sử dụng: nâng cấp ổ cứng HDD 2TB (1C) 256GB | E5: Linh kiện | F5: 7/10/2020 | G5: 12 | H5: Nguyễn Thủy Tiên | I5: Thiết kế
A6: =A5+1 -> 4 | B6: TK-BMT02 | D6: Bộ máy tính thiết kế Thắng sử dụng (Chip I7, Bộ nhớ 16GB, Ổ cứng 256GB, 1TB, Nguồn 620W, màn hình 27" Dell, Cạc màn hình GTX1060 | E6: Máy móc, thiết bị | G6: 36 | H6: Bùi Tịnh Tuệ Khanh | I6: Thiết kế
A7: =A6+1 -> 5 | B7: TK-BMT02 - NC01 | D7: Thay linh kiện máy tính thiết kế Thắng sử dụng: card màn hình VGA RTX2060 inno3d 6GB | E7: Linh kiện | F7: 15/3/2022 | G7: 36 | H7: Bùi Tịnh Tuệ Khanh | I7: Thiết kế
A8: =A7+1 -> 6 | B8: TK-BMT03 - NC01 | D8: Màn hình DELL U2424H 23'' | E8: Máy móc, thiết bị | F8: 15/8/2016 | H8: kho | I8: Thiết kế
A9: =A8+1 -> 7 | B9: TK-BMT03 | D9: Bộ máy tính thiết kế Hùng sử dụng: CPU i9, Main Z390, Ram: 32GB, SSD: 500GB, HDD: 2TB, VGA6G, Monitor: LG25BL55WY,Chuột FuhlenG9 | E9: Máy móc, thiết bị | F9: 1/1/2019 | G9: 36 | H9: kho | I9: Thiết kế
A10: =A9+1 -> 8 | B10: TK-BMT04 | D10: Bộ máy tính thiết kế Nghị sử dụng core i7, MSI B460, Bộ nhớ trong Corsai 16G,Nguồn 700W, Vỏ máy Trio, Card RTX2060, | E10: Máy móc, thiết bị | F10: 7/4/2022 | G10: 36 | H10: kho | I10: Thiết kế
A11: =A10+1 -> 9 | B11: TK-BMT04 | D11: Màn hình DELL U2424H 23'' | F11: 26/2/2021 | H11: Hoàng Quốc Nghị | I11: Thiết kế
A12: =A11+1 -> 10 | B12: TK-BMT05 | D12: Bộ máy tính thiết kế Mai sử dụng: Core i5/Bảng mạch chính B660/Cạc màn hình ASUS TGX1650/Ram16G/Vỏ case Venom/ổ cứng SSD 980/Nguồn 700W, tản nhiệt AH92/Màn hình Asus 248QV/Ổ cuwnTB/bàn phím chuột | E12: Máy móc, thiết bị | F12: 19/07/2022 | G12: 36 | H12: Nguyễn Phương Mai | I12: Thiết kế
A13: =A12+1 -> 11 | B13: TK-BMT06 | D13: Bộ máy tính thiết kế Hk sử dụngMàn hình Dell 60/2.54 + cây Asus dùng chuyên cho thiết kế + chuột Fuhlen + lót chuột + bàn phím | E13: Máy móc, thiết bị | F13: 44761 | G13: 36 | I13: Thiết kế
A14: =A13+1 -> 12 | B14: TK-BMT07 | D14: Bộ máy tính thiết kế Hưng sử dụng bao gồm: Màn hình Dell 60/2.54 + cây Asus dùng chuyên cho thiết kế + chuột Fuhlen + lót chuột | E14: Máy móc, thiết bị | G14: 36 | H14: Thái Thị Thanh Thảo | I14: Thiết kế
A15: =A14+1 -> 13 | B15: TK-BMT07 - NC01 | D15: Thay thế linh kiện máy tính cho máy tính của Nguyễn Văn Hưng phòng thiết kế sử dụng | E15: Linh kiện | F15: 44761 | G15: 24 | H15: Thái Thị Thanh Thảo | I15: Thiết kế
A16: =A15+1 -> 14 | B16: TK-BMT07 - NC02 | D16: Thay thế màn hình máy tính của Hưng thiết kế: Màn hình Dell U2419H | E16: Linh kiện | F16: 26/12/2024 | G16: 24 | H16: Thái Thị Thanh Thảo | I16: Thiết kế
A17: =A16+1 -> 15 | B17: TK-BMT08 | D17: Cây máy tính Kiều Đình Hoàng sử dụng bao gồm: Vỏ máy tính Xigimatek Gaming X 3FX, bộ VXL AMD Ryzen 9 5900X, tản nhiệt nước Corsair H100, Ổ cứng 2TB Western Blue, bo mạch chủ Asus X570, Nguồn Corsair 16GB 3200, ổ cứng ssd Samsung 980 500GB | E17: Máy móc, thiết bị | G17: 36 | H17: Vũ Thị Mai Linh | I17: Thiết kế
A18: =A17+1 -> 16 | B18: TK-BMT09 | D18: Cây máy tính Nguyễn Việt Thắng sử dụng bao gồm: Vỏ máy tính Xigimatek Gaming X 3FX, bộ VXL AMD Ryzen 9 5900X, tản nhiệt nước Corsair H100, Ổ cứng 2TB Western Blue, bo mạch chủ Asus X570, Nguồn Corsair 16GB 3200, ổ cứng ssd Samsung 980 1T | E18: Máy móc, thiết bị | G18: 36 | H18: Lương Văn Tuấn | I18: Thiết kế
A19: =A18+1 -> 17 | B19: TK-BMT10 | D19: Case máy tính | H19: Hoàng Quốc Nghị | I19: Thiết kế
A20: =A19+1 -> 18 | B20: TK-BMT11 | D20: Cây máy tính Nguyễn Việt Thắng sử dụng bao gồm: Vỏ máy tính Xigimatek Gaming X 3FX, bộ VXL AMD Ryzen 9 5900X, tản nhiệt nước Corsair H100, Ổ cứng 2TB Western Blue, bo mạch chủ Asus X570, Nguồn Corsair 16GB 3200, ổ cứng ssd Samsung 980 1T | E20: Máy móc, thiết bị | G20: 36 | H20: Nguyễn Việt Thắng | I20: Thiết kế
A21: =A20+1 -> 19 | B21: TK-BMT11 - NC01 | D21: Màn hình DELL U2424H 23'' | E21: Máy móc, thiết bị | G21: 33 | H21: Nguyễn Việt Thắng | I21: Thiết kế
A22: =A21+1 -> 20 | D22: ổ cứng gắn trong Destop WD Blue 2TB, 3,5 SATA 3 _WD20EZBX | E22: Link kiện | F22: 45812 | H22: Nguyễn Phương Mai | I22: Thiết kế
A23: =A22+1 -> 21 | B23: MKT-BMT01 | D23: Bộ máy tính MKT Thiên sử dụng gồm: Core i5/Bảng mạch chính B460M/Bộ nhớ trong 16GB/Nguồn 600W/Vỏ máy tính/Cạc màn hình 1650S 4GB | E23: Máy móc, thiết bị | F23: 44127 | G23: 36 | H23: Khánh Vi | I23: Phòng Marketing
A24: =A23+1 -> 22 | B24: MKT-BMT02 | D24: Bộ máy tính phòng MKT Hà Phương sd gồm: CPU 2600X/Ram 16G/Main B450M/SSD 240GB/Case R5 RGB/PSU 600W/HDD 1TB/Màn Dell E2216H/VGA | E24: Máy móc, thiết bị | F24: 43769 | G24: 36 | H24: Đào Thuỳ | I24: Phòng Marketing
A25: =A24+1 -> 23 | B25: MKT-BMT03 | D25: Bộ máy tính phòng MKT Huy sd gồm: Chíp AMD R5 3600/bảng mạch Asus B450/Bộ nhớ trong 8GB/Vỏ máy tính Aerocool Cyclon/ Nguồn máy t | E25: Máy móc, thiết bị | F25: 43973 | G25: 36 | H25: Không sử dụng | I25: Phòng Marketing
A26: =A25+1 -> 24 | B26: MKT-BMT04 | D26: Bộ máy tính MKT Phong sử dụng gồm: chip AMD R3/Bảng mạch Asus B450MK/Bộ nhớ trong 8GB/Vỏ máy tính/Nguồn máy tính 500W/Ổ cứng HDD | E26: Máy móc, thiết bị | F26: 43972 | G26: 36 | H26: Không sử dụng | I26: Phòng Marketing
A27: =A26+1 -> 25 | B27: MKT-BMT05 | D27: Bộ máy tính MKT Hằng sử dụng gồm: chip AMD R3/Bảng mạch Asus B450MK/Bộ nhớ trong 8GB/Vỏ máy tính/Nguồn máy tính 500W/Ổ cứng HDD1 | E27: Máy móc, thiết bị | F27: 43972 | G27: 36 | H27: Không sử dụng | I27: Phòng Marketing
A28: =A27+1 -> 26 | B28: VD-TBLT01 | D28: Thiết bị lưu trữ phòng Video NAS Synology DS920+ 1 ổ cứng Seagate Ironwolf 10TB | E28: Máy móc, thiết bị | F28: 6/7/2022 | G28: 36 | H28: chỗ c Lan (trong tủ) | I28: Video
A29: =#REF!+1 -> #REF! | B29: VD-BMT02 | D29: Bộ máy tính gồm: Core i9/Main Z690A/Ram 32G/VGA 12GB/WD 6TB/Tản nhiệt V2/SSD 500GB/Màn hình Dell U2422H/ Vỏ case Venom/ | E29: Máy móc, thiết bị | F29: 10/12/2021 | G29: 36 | H29: Nguyễn Gia Phong | I29: Video
A30: =A29+1 -> #REF! | B30: VD-BMT02 -NCC1 | D30: Màn hình LCD Dell U24222H 23.8 | E30: Máy móc, thiết bị | F30: 09/01/2023 | G30: 24 | H30: Bùi Thu Hà | I30: Video
B31: VD-BMT02 -NCC2 | D31: Ổ cứng di động 2TB | E31: Linh kiện | F31: 44935 | G31: 24 | H31: Nguyễn Thành Long | I31: Video
B32: VD-BMT02 -NCC3 | D32: Tai nghe Sony MRX XB550AP - Red | E32: Linh kiện | F32: 45181 | G32: 12 | I32: Video | J32: đã hỏng
B33: VD-BMT02 -NCC4 | D33: Loa LG Bluetooth mini PL7 | E33: Linh kiện | F33: 45181 | G33: 12 | H33: Nguyễn Thành Long | I33: Video
B34: VD-BMT02 -NCC5 | D34: Linh kiện máy tính Hoàng sd: ổ cứng 10TB WD | E34: Linh kiện | F34: 17/7/2020 | G34: 24 | H34: Nguyễn Gia Phong | I34: Video
B35: VD-BMT02 -NCC6 | D35: Thay thế linh kiện máy tính video Hoàng sử dụng: ổ cứng cắm trong Seagate sky hawk 6TB | E35: Linh kiện | F35: 5/3/2019 | G35: 36 | H35: Nguyễn Gia Phong | I35: Video
B36: VD-BMT02 -NCC7 | D36: Loa sound max A4000 và lót chuột | E36: Linh kiện | F36: 43466 | G36: 12 | I36: Video | J36: loa đang không sử dụng lót chuột hỏng
B37: VD-BMT03 | D37: Bộ máy tính video bao gồm: HDD WD 2TB, SSD WD 120G, Mainboard Asus B350, Chuột G90, Bàn phím Fuhlen 1500s, Nguồn 500A, Case Golden N13W, CPU Ryzen 5 2600, Monitor Dell 23,8", VGA GTX 1060, DDRAM4 8G, | E37: Máy móc, thiết bị | F37: 12/5/2018 | G37: 36 | H37: Quách Phương Thảo | I37: Video
B38: VD-BMT04 | D38: Bộ máy tính gồm: Main GAZ690M AORUS ELITE, CPU i9 -12900K, Ram Corsair 32G (2x16GB) DDR 3200MHz, SSD Samsung 980 Pro 1TB PCIe, HDD Seagate 4TB, VGA Asus RTX 3060-12G -V2, Tản nhiệt 140 Black, Case Cooler MB511ARG, nguồn FSP HPT2-850M/850W, phím chuột Fuhlen, màn hình Dell LCD-U2422H-23.8" WHD-3Y | E38: Máy móc, thiết bị | F38: 44821 | G38: 36 | H38: Lê Công Hoàng | I38: Video
B39: VD-BMT04-NC01 | D39: Tai nghe Sony MRX XB550AP - Red | E39: Linh kiện | F39: 02/02/2023 | G39: 12 | I39: Video | J39: đã hỏng
B40: VD -BMT05 | D40: Bộ máy tính Long sử dụng gồm: Main Gigabyte Z690 gaming X, CPu intel Core i9 13900k, Quạt tản nhiệt 360, Ram Corsair 64gb x2, Ổ cứng máy tính SSD 500gb, HDD Seagate 12TB, Nguồn máy tính 1000w, Cạc màn hình RTX3090, Vỏ case máy tính, Màn hình Dell U2422H x2, Phím L411, Chuột L102 | E40: Máy móc, thiết bị | F40: 04/05/2023 | G40: 36 | H40: Nguyễn Thành Long | I40: Video
B41: VD-BMT05-NC01 | D41: Tai nghe Sony MRX XB550AP - Red | E41: Linh kiện | F41: 02/02/2023 | G41: 12 | I41: Video | J41: đã hỏng
B42: VD-BMT05-NC02 | D42: Ổ cứng WD Ultrastar Enterprise DC HC510 10TB 3,5 inch | E42: Linh kiện | F42: 11/3/2024 | G42: 60 | H42: Nguyễn Thành Long | I42: Video
B43: VD -BMT06 | D43: Bộ máy tính (Main GIGABYTE X870 AORUS,CPU AMD Ryzen 9 9900X,RAM Kingston 64GB FURY, SSD Samsung 970 EVO Plus 1TB M.2,HDD WD 4T, VGA MSI RTX 4080 16G,Tản nhiệt AIO Thermalright 360 BLACK,Nguồn Antec Neo ECO NE850G M 850W, Vó Case Antec C3 Basic...) | E43: Máy móc, thiết bị | F43: 22/01/2025 | G43: 36 | H43: Vũ Anh Duy | I43: Video
B44: EV-BMTIMAC01 | D44: Bộ máy tính Event IMAC (Chị Yến cho) Kha sd | E44: Máy móc, thiết bị | F44: 43466 | H44: Lê Văn Kha | I44: Event
B45: EV-BMTIMAC01 NC01 | D45: Bộ máy tính Event IMAC (Chị Yến cho) Kha sd nâng cấp Ổ SSD Samsung 500GB | E45: Linh kiện | F45: 44736 | H45: Lê Văn Kha | I45: Event
B46: EV-BMT01 | D46: Bộ máy tính Event Dân sd gồm Chip VT AMD/Bảng mạch chính B450M/Bộ nhớ trong 8GB/Ổ cứng SSD120GB/VMT1ST R3/Nguồn 45 | E46: Máy móc, thiết bị | F46: 43872 | H46: Quỳnh | I46: Event
B47: EV-BMT02 | D47: Bộ máy tính Event Khôi Sd gồm Chip vi tính AMD/Bảng mạch chính B450M/Bộ nhớ trong 8GB/Ổ cứng SSD120GB/Vỏ máy tính 1S | E47: Máy móc, thiết bị | F47: 43872 | H47: Dân | I47: Event
B48: VD-BMT01 | D48: Case máy tính + màn Dell | H48: Cường | I48: Event
B49: TK-BMT07 | D49: Case Máy tính + màn + bộ bàn phím, chuột | H49: Tuệ | I49: Event
B50: EV-BMT05 | D50: Bộ máy tính Event sử dụng gồm: chip AMD R5/Bảng mạch MSI B450MK/Bộ nhớ trong 16GB/Vỏ máy tính/Nguồn máy tính 600W/Ổ cứng WD1TB/M | E50: Máy móc, thiết bị | F50: 44491 | I50: Event
B51: EV- LT01 | D51: laptop Vaio trắng (c Yến cho) | E51: Máy móc, thiết bị | H51: Lê Văn Kha | I51: Event
B52: KT-BMT01 | D52: Bộ máy tính Hồng PKT sử dụng gồm Chip AMD R5/Bộ nhớ trong 16GB/Bảng mạch B450M/ Ổ cứng 240GB/Vỏ máy tính/Nguồn 600W/Ổ cứng 1TB/M | E52: Máy móc, thiết bị | F52: 43760 | G52: 36 | H52: Bùi Thị Quý Thương | I52: Kế toán
I53: Kế toán
B54: KT-BMT03 | D54: Bộ máy tính Lan PKT sử dụng gồm máy chủ HP 400G5 MT/ Màn hình Dell E2216H/ Phím chuột | E54: Máy móc, thiết bị | F54: 43760 | G54: 36 | H54: Nguyễn Phương Anh | I54: Kế toán
B55: KT-MAYIN01 | D55: Máy in canon LBP 226DW | E55: Máy móc, thiết bị | F55: 15/08/2022 | G55: 12 | H55: PKT | I55: Kế toán
B56: KT- Ketbac | D56: Két bạc đựng tiền | I56: Kế toán
B57: KT-BMT06 | D57: Bộ máy tính Hà PKT sử dụng gồm Main Gigabyte GA-B660M D2H DDR4 - CPU Intel Core i5 -12400, Ram Kington -16G/DDR4 -3200 tản nhiệt, SSD M2 512GB, HDD Seagate 1000G, Vỏ nguồn Xigmatek XA -20/22-650. Bàn phím chuột Logitech MK1200, Màn hình Dell E2216HV-21.5" | E57: Máy móc, thiết bị | F57: 17/12/2022 | G57: 36 | H57: Nguyễn Thu Hà | I57: Kế toán
B58: KT - KSTL01 | D58: Kệ sắt đựng tài liệu KT 0,8*2m | E58: CCDC | F58: 27/2/2025 | H58: Nguyễn Phương Anh | I58: Kế toán
B59: KT - KSTL01 | D59: Kệ sắt đựng tài liệu KT 0,8*2m | E59: CCDC | F59: 27/2/2025 | H59: Nguyễn Phương Anh | I59: Kế toán
B60: KT - BMT 04 | D60: Màn hình Dell - dùng của Trang MKT Case máy tính của Tuấn thiết kế chuyển sang | E60: Máy móc, thiết bị | F60: 21/5/2020 | H60: Lê Thương Huyền | I60: Kế toán
D61: Bổ sung bàn phím của Huyền | F61: 19/2/2025 | H61: Lê Thương Huyền | I61: Kế toán
B62: KT - BMT05 | D62: Bộ máy tính Hồng KT sd Mạch chính vi tính Gigabyte B760M; Bộ nhớ RAM_TEAMGROUP TLZRD416G3600HC18J01 TEAM VULCAN Z UDD4 32GB, Ổ đĩa cứng SSD của máy vi tính hiệu Gigabyte G440E500G 500GB Ổ cứng gắn trong SSD WD Blue SN580 NVMe SSD 1TB Cạc màn hình Gigabyte 8G Bộ nguồn cấp điện dùng cho máy tính 650W Vỏ máy tính Xigmatek XA-22 Màn hình máy tính Dell S2425H 23.8INCH Bàn phím vi tính Fuhlen L500S Chuột vi tính Fuhlen L102 | E62: Tài sản cố định khác | F62: 19/02/2025 | G62: 36 | H62: Nguyễn Thị Hồng | I62: Kế toán
D63: Màn Hình Dell SE2425H (23.8 inch - VA - FHD - 75Hz - 5ms) | E63: Máy móc thiết bị | I63: HCNS
D64: Chuột Rapoo Có dây N200 | E64: linh kiện | I64: HCNS
B65: KT-BMT02 | D65: Bộ máy tính Yến PKT sử dụng gồm Chip AMD R5/Bộ nhớ trong 16GB/Bảng mạch B450M/ Ổ cứng 240GB/Vỏ máy tính/Nguồn 600W/Ổ cứng 1TB/Mà | E65: Máy móc, thiết bị | F65: 43760 | G65: 36 | H65: Đặng Thị Nga | I65: HCNS
B66: BGD- GS | D66: Gia sach tron phong TGD (1c) | E66: Tài sản cố định khác | F66: 43466 | G66: 12 | H66: Lê Hải Yến | I66: Ban giám đốc
B67: BGD-BTK | D67: Ban tiep khach hinh chu nhat mat kinh phong TGD (1c) | E67: Tài sản cố định khác | F67: 43466 | G67: 12 | H67: Lê Hải Yến | I67: Ban giám đốc
B68: BGD-BTC | D68: Mua bút trình chiếu Sportline cho Sếp yến sử dụng | E68: Tài sản cố định khác | F68: 43466 | G68: 12 | H68: Lê Hải Yến | I68: Ban giám đốc
B69: BGD-LTSF01 | D69: Lap top Surface màu tím Trợ lý TGĐ sử dụng (C Yen cho) | E69: Máy móc, thiết bị | F69: 43466 | H69: Lê Hải Yến | I69: Ban giám đốc
B70: BGD-BMTIMAC01 | D70: Bộ máy tính BGĐ IMAC Yến sử dụng (gồm: Ổ SSD Samsung 1T, Ram 16GB) | E70: Máy móc, thiết bị | F70: 43466 | G70: 60 | H70: Lê Hải Yến | I70: Ban giám đốc
B71: BGD-BC | D71: Bể cá cảnh | E71: Tài sản cố định khác | F71: 43579 | G71: 0 | H71: Lê Hải Yến | I71: Ban giám đốc
B72: BGD-BTKT | D72: Mua bàn tròn và 4 ghế tam giác màu trắng + màu vàng phòng TGĐ | E72: Tài sản cố định khác | F72: 2/5/2019 | G72: 12 | H72: Lê Hải Yến | I72: Ban giám đốc
B73: BGD-SOFA | D73: Sofa văng vàng 2m phòng TGĐ (1c) | E73: Tài sản cố định khác | F73: 43624 | G73: 12 | H73: Lê Hải Yến | I73: Ban giám đốc
B74: BGD-BOAMTRAHOA | D74: Bộ ấm trà cao cấp in hoa phòng TGĐ sử dụng (1bo) | E74: Tài sản cố định khác | F74: 43624 | G74: 0 | H74: Lê Hải Yến | I74: Ban giám đốc
B75: BGD-BNNL | D75: Bình nước nóng lạnh | E75: Tài sản cố định khác | F75: 43831 | G75: 12 | H75: Lê Hải Yến | I75: Ban giám đốc
B76: BGD-BGLV | D76: Bộ bàn ghế làm việc | E76: Tài sản cố định khác | F76: 44467 | G76: 12 | H76: Lê Hải Yến | I76: Ban giám đốc
B77: BGD-QUATTANNHIET | D77: Quạt tản nhiệt | E77: Tài sản cố định khác | F77: 44562 | G77: 0 | H77: Lê Hải Yến | I77: Ban giám đốc
B78: BGD-GLVTNTGD | D78: Ghế lưới làm việc tại nhà | E78: Tài sản cố định khác | F78: 44615 | G78: 12 | H78: Lê Hải Yến | I78: Ban giám đốc

Sheet Sheet3
A1: Phòng ban | B1: Số lượng nhân sự | D1: PC | F1: MH | H1: Ghi chú
B2: Dùng | C2: Không Dùng | D2: Dùng | E2: Không Dùng | F2: Dùng | G2: Không Dùng
A3: Video | B3: 6 | C3: 0 | D3: 5 | E3: 0 | F3: 7 | G3: 0 | H3: Duy lớn 2 MH, Hà ko PC
A4: MKT | B4: 2 | C4: 6 | D4: 2 | E4: 3 | F4: 2 | G4: 3 | H4: còn 3 máy ko dùng ( 1 máy ở cạnh thùy, 1 vân anh, 1 vy )
A5: Creative | B5: 3 | C5: 4 | D5: 4 | E5: 1 | F5: 4 | G5: 1 | H5: Hoàng lớn dung 2 máy, 1 máy ko dùng ( 1 máy khôi )
A6: Event | B6: 6 | C6: 2 | D6: 6 | E6: 1 | F6: 6 | G6: 1 | H6: Còn 1 máy ko dùng ( chỗ Phương Anh )
A7: Design | B7: 9 | C7: 0 | D7: 9 | E7: 0 | F7: 10 | G7: 0 | H7: Anh Nghị 2 MH
A8: TCKT | B8: 5 | C8: 0 | D8: 5 | E8: 0 | F8: 5 | G8: 0
A9: HCNS + trợ lý | B9: 3 | C9: 0 | D9: 2 | E9: 0 | F9: 3 | G9: 0 | H9: C hằng ko dùng PC

Sheet 5. Theo dõi mail
D1: Hanoi Head Office: 80 Nguyen Chi Thanh St., Lang Ward, Hanoi, Vietnam. Tel: + 84 24 3715 3303 / Hotline: +84 904 033 333/ 096 2577770 Website: newdaymedia.com.vn Email: info@newdaymedia.com.vn Facebook: Newday Media JSC
A2: DANH SÁCH MAIL CÔNG TY
A3: STT | B3: MÃ NHÂN VIÊN | C3: HỌ TÊN | D3: TRẠNG THÁI | E3: BỘ PHẬN | F3: CHỨC DANH LÀM VIỆC CHÍNH THỨC ( Tiếng Anh) | G3: EMAIL CÔNG TY | H3: NGÀY VÀO LÀM VIỆC | I3: NGÀY NGHỈ VIỆC | J3: NGÀY CẤP MAIL | K3: MAIL HỆ THỐNG | L3: GÓI MS365 | M3: TRẠNG THÁI CÀI OFFICE OFF | N3: TRẠNG THÁI CÀI ĐẶT TÍNH NĂNG GÓI PREMIUM | O3: KIỂM SOÁT ĐĂNG NHẬP THIẾT BỊ | P3: KIỂM SOÁT ĐĂNG NHẬP EMAIL | Q3: KIỂM SOÁT TẢI - GỬI DỮ LIỆU | R3: CÀI ĐẶT PM TỪ XA | S3: KHÓA MÁY TỪ XA | T3: XÓA DỮ LIỆU TỪ XA | U3: CHẶN ĐĂNG NHẬP GMAIL | V3: LOẠI THIẾT BỊ ĐANG SD | W3: WIN ĐANG CÀI ĐẶT | X3: PHÂN QUYỀN USER | Y3: NGÀY THỰC HIỆN | Z3: PHƯƠNG ÁN QUẢN TRỊ THIẾT BỊ | AA3: PHƯƠNG ÁN QUẢN TRỊ PHẦN MỀM | AB3: TÌNH TRẠNG CÀI ĐẶT PM TRÊN THIẾT BỊ | AC3: GHI CHÚ | AD3: NGƯỜI NHẬN BÀN GIAO | AF3: LOẠI THIẾT BỊ | AG3: SỐ LƯỢNG THIẾT BỊ | AK3: TỔNG | AL3: GHI CHÚ | AM3: SỐ LƯỢNG THIẾT BỊ | AO3: TỔNG | AP3: GHI CHÚ
L4: =COUNTA(L6:L80) -> 63 | AG4: Win bản quyền - Pro | AH4: Win bản quyền - Home | AI4: MacOS | AJ4: Chưa có Win bản quyền | AM4: Đã phân quyền user/ cài đặt PM theo quy định thiết bị | AN4: Đang cài PM crack
A5: I. BAN GIÁM ĐỐC | AF5: PC - Công ty | AG5: =AJ18 -> 37 | AJ5: =AJ20 -> 1 | AK5: =SUM(AG5:AJ5) -> 38 | AM5: 19 | AN5: 9 | AO5: =SUM(AM5:AN5) -> 28 | AP5: Tuấn Anh (sketchup)
A6: =IF(B6="","",SUBTOTAL(3,$B$6:B6)) -> 1 | B6: 10001 | C6: =INDEX('6. data thông tin nhân sự'!C:C, MATCH('5. Theo dõi mail'!B6, '6. data thông tin nhân sự'!B:B,0)) -> Lê Hải Yến | D6: =INDEX('6. data thông tin nhân sự'!D:D, MATCH('5. Theo dõi mail'!B6, '6. data thông tin nhân sự'!B:B,0)) -> Chính thức | E6: =INDEX('6. data thông tin nhân sự'!G:G, MATCH('5. Theo dõi mail'!B6, '6. data thông tin nhân sự'!B:B,0)) -> Ban giám đốc - BOD | F6: =INDEX('6. data thông tin nhân sự'!H:H, MATCH('5. Theo dõi mail'!B6, '6. data thông tin nhân sự'!B:B,0)) -> General Director | G6: =INDEX('6. data thông tin nhân sự'!L:L, MATCH('5. Theo dõi mail'!B6, '6. data thông tin nhân sự'!B:B,0)) -> haiyen.le@newdaymedia.com.vn | H6: =INDEX('6. data thông tin nhân sự'!N:N, MATCH('5. Theo dõi mail'!B6, '6. data thông tin nhân sự'!B:B,0)) -> 20/01/2010 | K6: Đang kích hoạt | L6: E3 - Enterprise | N6: 7/7 | O6: Đã KS- MS365 premium | P6: Đã KS- MS365 premium | Q6: Đã KS- MS365 premium | R6: Đã KS- MS365 premium | S6: Đã KS- MS365 premium | T6: Đã KS- MS365 premium | U6: Đã KS- MS365 premium | V6: Laptop cá nhân - surface | W6: Win bản quyền - Home | AF6: Laptop công ty | AH6: =AM22 -> 1 | AK6: =SUM(AG6:AJ6) -> 1 | AM6: 1 | AO6: =SUM(AM6:AN6) -> 1
A7: =IF(B7="","",SUBTOTAL(3,$B$6:B7)) -> 2 | B7: 10002 | C7: =INDEX('6. data thông tin nhân sự'!C:C, MATCH('5. Theo dõi mail'!B7, '6. data thông tin nhân sự'!B:B,0)) -> Larkin Thu Hà | D7: =INDEX('6. data thông tin nhân sự'!D:D, MATCH('5. Theo dõi mail'!B7, '6. data thông tin nhân sự'!B:B,0)) -> Chính thức | E7: =INDEX('6. data thông tin nhân sự'!G:G, MATCH('5. Theo dõi mail'!B7, '6. data thông tin nhân sự'!B:B,0)) -> Ban giám đốc - BOD | F7: =INDEX('6. data thông tin nhân sự'!H:H, MATCH('5. Theo dõi mail'!B7, '6. data thông tin nhân sự'!B:B,0)) -> Co-founder/ Executive Board Member | G7: =INDEX('6. data thông tin nhân sự'!L:L, MATCH('5. Theo dõi mail'!B7, '6. data thông tin nhân sự'!B:B,0)) -> thuha@newdaymedia.com.vn | H7: =INDEX('6. data thông tin nhân sự'!N:N, MATCH('5. Theo dõi mail'!B7, '6. data thông tin nhân sự'!B:B,0)) -> 20/01/2010 | K7: Đang kích hoạt | L7: Basic | AF7: Laptop công ty - Surface | AH7: =AM18 -> 3 | AK7: =SUM(AG7:AJ7) -> 3 | AM7: 2 | AN7: 1 | AO7: =SUM(AM7:AN7) -> 3
A8: =IF(B8="","",SUBTOTAL(3,$B$6:B8)) -> 3 | B8: 10003 | C8: =INDEX('6. data thông tin nhân sự'!C:C, MATCH('5. Theo dõi mail'!B8, '6. data thông tin nhân sự'!B:B,0)) -> Phạm Khánh Băng | D8: =INDEX('6. data thông tin nhân sự'!D:D, MATCH('5. Theo dõi mail'!B8, '6. data thông tin nhân sự'!B:B,0)) -> Chính thức | E8: =INDEX('6. data thông tin nhân sự'!G:G, MATCH('5. Theo dõi mail'!B8, '6. data thông tin nhân sự'!B:B,0)) -> Ban giám đốc - BOD | F8: =INDEX('6. data thông tin nhân sự'!H:H, MATCH('5. Theo dõi mail'!B8, '6. data thông tin nhân sự'!B:B,0)) -> Chairman | G8: =INDEX('6. data thông tin nhân sự'!L:L, MATCH('5. Theo dõi mail'!B8, '6. data thông tin nhân sự'!B:B,0)) -> khanhbang@newdaymedia.com.vn | H8: =INDEX('6. data thông tin nhân sự'!N:N, MATCH('5. Theo dõi mail'!B8, '6. data thông tin nhân sự'!B:B,0)) -> 40198 | K8: Đang kích hoạt | L8: Basic | AF8: Laptop cá nhân - surface | AH8: =AG122 -> 2 | AK8: =SUM(AG8:AJ8) -> 2 | AM8: 2 | AN8: 1 | AO8: =SUM(AM8:AN8) -> 3
A9: II. KINH DOANH - ACCOUNT | AF9: Laptop cá nhân - MacOS | AI9: =AJ19 -> 10 | AK9: =SUM(AG9:AJ9) -> 10 | AM9: 7 | AN9: 1 | AO9: =SUM(AM9:AN9) -> 8
A10: =IF(B10="","",SUBTOTAL(3,$B$6:B10)) -> 4 | B10: 16001 | C10: =INDEX('6. data thông tin nhân sự'!C:C, MATCH('5. Theo dõi mail'!B10, '6. data thông tin nhân sự'!B:B,0)) -> Nguyễn Thị Thu Lan | D10: =INDEX('6. data thông tin nhân sự'!D:D, MATCH('5. Theo dõi mail'!B10, '6. data thông tin nhân sự'!B:B,0)) -> Chính thức | E10: =INDEX('6. data thông tin nhân sự'!G:G, MATCH('5. Theo dõi mail'!B10, '6. data thông tin nhân sự'!B:B,0)) -> Kinh doanh - Account | F10: =INDEX('6. data thông tin nhân sự'!H:H, MATCH('5. Theo dõi mail'!B10, '6. data thông tin nhân sự'!B:B,0)) -> Deputy General Director / CORPORATE CLIENT DIRECTOR | G10: =INDEX('6. data thông tin nhân sự'!L:L, MATCH('5. Theo dõi mail'!B10, '6. data thông tin nhân sự'!B:B,0)) -> thulan@newdaymedia.com.vn | H10: =INDEX('6. data thông tin nhân sự'!N:N, MATCH('5. Theo dõi mail'!B10, '6. data thông tin nhân sự'!B:B,0)) -> 15/08/2016 | K10: Đang kích hoạt | L10: Standard | M10: Đã cài đặt | V10: Laptop cá nhân - surface | W10: Win bản quyền - Home | X10: Đã thực hiện | Y10: 46225 | Z10: Quản lý thủ công - M365 Basic | AA10: Quản lý thủ công - M365 Basic | AC10: vẫn đang sử dụng Office offline | AF10: Laptop cá nhân | AH10: =AM21 -> 4 | AK10: =SUM(AG10:AJ10) -> 4 | AM10: 4 | AO10: =SUM(AM10:AN10) -> 4
A11: =IF(B11="","",SUBTOTAL(3,$B$6:B11)) -> 5 | B11: 23006 | C11: =INDEX('6. data thông tin nhân sự'!C:C, MATCH('5. Theo dõi mail'!B11, '6. data thông tin nhân sự'!B:B,0)) -> Thái Bảo Ngọc | D11: =INDEX('6. data thông tin nhân sự'!D:D, MATCH('5. Theo dõi mail'!B11, '6. data thông tin nhân sự'!B:B,0)) -> Chính thức | E11: =INDEX('6. data thông tin nhân sự'!G:G, MATCH('5. Theo dõi mail'!B11, '6. data thông tin nhân sự'!B:B,0)) -> Kinh doanh - Account | F11: =INDEX('6. data thông tin nhân sự'!H:H, MATCH('5. Theo dõi mail'!B11, '6. data thông tin nhân sự'!B:B,0)) -> Senior Account Executive | G11: =INDEX('6. data thông tin nhân sự'!L:L, MATCH('5. Theo dõi mail'!B11, '6. data thông tin nhân sự'!B:B,0)) -> ngoctb@newdaymedia.com.vn | H11: =INDEX('6. data thông tin nhân sự'!N:N, MATCH('5. Theo dõi mail'!B11, '6. data thông tin nhân sự'!B:B,0)) -> 10/07/2023 | K11: Đang kích hoạt | L11: Standard | M11: Đã cài đặt | V11: Laptop cá nhân - MacOS | W11: MacOS | X11: Đã thực hiện | Y11: 46225 | Z11: Quản lý thủ công - M365 Basic | AA11: Quản lý thủ công - M365 Basic | AC11: vẫn đang sử dụng Office offline | AF11: TỔNG | AG11: =SUM(AG5:AG10) -> 37 | AH11: =SUM(AH5:AH10) -> 10 | AI11: =SUM(AI5:AI10) -> 10 | AJ11: =SUM(AJ5:AJ10) -> 1 | AK11: =SUM(AK5:AK10) -> 58 | AM11: =SUM(AM5:AM10) -> 35 | AN11: =SUM(AN5:AN10) -> 12 | AO11: =SUM(AO5:AO10) -> 47
A12: =IF(B12="","",SUBTOTAL(3,$B$6:B12)) -> 6 | B12: 23007 | C12: =INDEX('6. data thông tin nhân sự'!C:C, MATCH('5. Theo dõi mail'!B12, '6. data thông tin nhân sự'!B:B,0)) -> Đặng Thế Quang | D12: =INDEX('6. data thông tin nhân sự'!D:D, MATCH('5. Theo dõi mail'!B12, '6. data thông tin nhân sự'!B:B,0)) -> Chính thức | E12: =INDEX('6. data thông tin nhân sự'!G:G, MATCH('5. Theo dõi mail'!B12, '6. data thông tin nhân sự'!B:B,0)) -> Kinh doanh - Account | F12: =INDEX('6. data thông tin nhân sự'!H:H, MATCH('5. Theo dõi mail'!B12, '6. data thông tin nhân sự'!B:B,0)) -> Senior Account Executive | G12: =INDEX('6. data thông tin nhân sự'!L:L, MATCH('5. Theo dõi mail'!B12, '6. data thông tin nhân sự'!B:B,0)) -> quangdt@newdaymedia.com.vn | H12: =INDEX('6. data thông tin nhân sự'!N:N, MATCH('5. Theo dõi mail'!B12, '6. data thông tin nhân sự'!B:B,0)) -> 05/09/2023 | K12: Đang kích hoạt | L12: Standard | M12: Đã cài đặt | V12: Laptop cá nhân | W12: Win bản quyền - Home | X12: Đã thực hiện | Y12: 46225 | Z12: Quản lý thủ công - M365 Basic | AA12: Quản lý thủ công - M365 Basic | AB12: Đang cài đặt bản crack | AC12: vẫn đang sử dụng Office offline
A13: III. THIẾT KẾ - DESIGN
A14: =IF(B14="","",SUBTOTAL(3,$B$6:B14)) -> 7 | B14: 20001 | C14: =INDEX('6. data thông tin nhân sự'!C:C, MATCH('5. Theo dõi mail'!B14, '6. data thông tin nhân sự'!B:B,0)) -> Hoàng Quốc Nghị | D14: =INDEX('6. data thông tin nhân sự'!D:D, MATCH('5. Theo dõi mail'!B14, '6. data thông tin nhân sự'!B:B,0)) -> Chính thức | E14: =INDEX('6. data thông tin nhân sự'!G:G, MATCH('5. Theo dõi mail'!B14, '6. data thông tin nhân sự'!B:B,0)) -> Thiết kế - Design | F14: =INDEX('6. data thông tin nhân sự'!H:H, MATCH('5. Theo dõi mail'!B14, '6. data thông tin nhân sự'!B:B,0)) -> Design Manager | G14: =INDEX('6. data thông tin nhân sự'!L:L, MATCH('5. Theo dõi mail'!B14, '6. data thông tin nhân sự'!B:B,0)) -> quocnghi@newdaymedia.com.vn | H14: =INDEX('6. data thông tin nhân sự'!N:N, MATCH('5. Theo dõi mail'!B14, '6. data thông tin nhân sự'!B:B,0)) -> 25/05/2020 | K14: Đang kích hoạt | L14: Premium | M14: Đã cài đặt | V14: PC - Công ty | W14: Win bản quyền - Pro | AB14: Đang cài đặt bản crack | AC14: Các phần mềm chưa có bq: - 3Ds Max - Chaos Corona - Chaos Vray - Auto CAD (đang thử nghiệm Vina-CAD rẻ hơn) - Unreal Engine 5 - Blender
A15: =IF(B15="","",SUBTOTAL(3,$B$6:B15)) -> 8 | B15: 21001 | C15: =INDEX('6. data thông tin nhân sự'!C:C, MATCH('5. Theo dõi mail'!B15, '6. data thông tin nhân sự'!B:B,0)) -> Nguyễn Việt Thắng | D15: =INDEX('6. data thông tin nhân sự'!D:D, MATCH('5. Theo dõi mail'!B15, '6. data thông tin nhân sự'!B:B,0)) -> Chính thức | E15: =INDEX('6. data thông tin nhân sự'!G:G, MATCH('5. Theo dõi mail'!B15, '6. data thông tin nhân sự'!B:B,0)) -> Thiết kế - Design | F15: =INDEX('6. data thông tin nhân sự'!H:H, MATCH('5. Theo dõi mail'!B15, '6. data thông tin nhân sự'!B:B,0)) -> 3D Graphic Team leader | G15: =INDEX('6. data thông tin nhân sự'!L:L, MATCH('5. Theo dõi mail'!B15, '6. data thông tin nhân sự'!B:B,0)) -> vietthang@newdaymedia.com.vn | H15: =INDEX('6. data thông tin nhân sự'!N:N, MATCH('5. Theo dõi mail'!B15, '6. data thông tin nhân sự'!B:B,0)) -> 06/09/2021 | K15: Đang kích hoạt | L15: Premium | M15: Đã cài đặt | V15: PC - Công ty | W15: Win bản quyền - Pro | AB15: Đang cài đặt bản crack
A16: =IF(B16="","",SUBTOTAL(3,$B$6:B16)) -> 9 | B16: 21002 | C16: =INDEX('6. data thông tin nhân sự'!C:C, MATCH('5. Theo dõi mail'!B16, '6. data thông tin nhân sự'!B:B,0)) -> Nguyễn Phương Mai | D16: =INDEX('6. data thông tin nhân sự'!D:D, MATCH('5. Theo dõi mail'!B16, '6. data thông tin nhân sự'!B:B,0)) -> Chính thức | E16: =INDEX('6. data thông tin nhân sự'!G:G, MATCH('5. Theo dõi mail'!B16, '6. data thông tin nhân sự'!B:B,0)) -> Thiết kế - Design | F16: =INDEX('6. data thông tin nhân sự'!H:H, MATCH('5. Theo dõi mail'!B16, '6. data thông tin nhân sự'!B:B,0)) -> Concept Development Team leader | G16: =INDEX('6. data thông tin nhân sự'!L:L, MATCH('5. Theo dõi mail'!B16, '6. data thông tin nhân sự'!B:B,0)) -> mainp@newdaymedia.com.vn | H16: =INDEX('6. data thông tin nhân sự'!N:N, MATCH('5. Theo dõi mail'!B16, '6. data thông tin nhân sự'!B:B,0)) -> 13/09/2021 | K16: Đang kích hoạt | L16: Premium | M16: Đã cài đặt | V16: PC - Công ty | W16: Win bản quyền - Pro | AB16: Đang cài đặt bản crack
A17: =IF(B17="","",SUBTOTAL(3,$B$6:B17)) -> 10 | B17: 23001 | C17: =INDEX('6. data thông tin nhân sự'!C:C, MATCH('5. Theo dõi mail'!B17, '6. data thông tin nhân sự'!B:B,0)) -> Thái Thị Thanh Thảo | D17: =INDEX('6. data thông tin nhân sự'!D:D, MATCH('5. Theo dõi mail'!B17, '6. data thông tin nhân sự'!B:B,0)) -> Chính thức | E17: =INDEX('6. data thông tin nhân sự'!G:G, MATCH('5. Theo dõi mail'!B17, '6. data thông tin nhân sự'!B:B,0)) -> Thiết kế - Design | F17: =INDEX('6. data thông tin nhân sự'!H:H, MATCH('5. Theo dõi mail'!B17, '6. data thông tin nhân sự'!B:B,0)) -> 2D Graphic Designer | G17: =INDEX('6. data thông tin nhân sự'!L:L, MATCH('5. Theo dõi mail'!B17, '6. data thông tin nhân sự'!B:B,0)) -> thaottt@newdaymedia.com.vn | H17: =INDEX('6. data thông tin nhân sự'!N:N, MATCH('5. Theo dõi mail'!B17, '6. data thông tin nhân sự'!B:B,0)) -> 20/02/2023 | K17: Đang kích hoạt | L17: Premium | M17: Đã cài đặt | V17: PC - Công ty | W17: Win bản quyền - Pro | AB17: Đang cài đặt bản crack | AF17: Bản quyền MS365 | AI17: Bản quyền Win | AL17: Thiết bị | AP17: CÀI ĐẶT PHẦN MỀM
A18: =IF(B18="","",SUBTOTAL(3,$B$6:B18)) -> 11 | B18: 23002 | C18: =INDEX('6. data thông tin nhân sự'!C:C, MATCH('5. Theo dõi mail'!B18, '6. data thông tin nhân sự'!B:B,0)) -> Vũ Thị Mai Linh | D18: =INDEX('6. data thông tin nhân sự'!D:D, MATCH('5. Theo dõi mail'!B18, '6. data thông tin nhân sự'!B:B,0)) -> Chính thức | E18: =INDEX('6. data thông tin nhân sự'!G:G, MATCH('5. Theo dõi mail'!B18, '6. data thông tin nhân sự'!B:B,0)) -> Thiết kế - Design | F18: =INDEX('6. data thông tin nhân sự'!H:H, MATCH('5. Theo dõi mail'!B18, '6. data thông tin nhân sự'!B:B,0)) -> 3D Graphic Designer | G18: =INDEX('6. data thông tin nhân sự'!L:L, MATCH('5. Theo dõi mail'!B18, '6. data thông tin nhân sự'!B:B,0)) -> linhvtm@newdaymedia.com.vn | H18: =INDEX('6. data thông tin nhân sự'!N:N, MATCH('5. Theo dõi mail'!B18, '6. data thông tin nhân sự'!B:B,0)) -> 28/02/2023 | K18: Đang kích hoạt | L18: Premium | M18: Đã cài đặt | V18: PC - Công ty | W18: Win bản quyền - Pro | AB18: Đang cài đặt bản crack | AF18: Basic | AG18: =COUNTIF(L6:L80, "Basic") -> 14 | AI18: Win bản quyền - Pro | AJ18: =COUNTIF(W6:W81, "Win bản quyền - Pro") -> 37 | AL18: Laptop công ty - Surface | AM18: 3 | AP18: Đúng quy định - it kiểm soát | AQ18: =COUNTIF(AB5:AB79, "IT kiểm soát đúng quy định") -> 23
A19: =IF(B19="","",SUBTOTAL(3,$B$6:B19)) -> 12 | B19: 24006 | C19: =INDEX('6. data thông tin nhân sự'!C:C, MATCH('5. Theo dõi mail'!B19, '6. data thông tin nhân sự'!B:B,0)) -> Nguyễn Thị Thuỷ Tiên | D19: =INDEX('6. data thông tin nhân sự'!D:D, MATCH('5. Theo dõi mail'!B19, '6. data thông tin nhân sự'!B:B,0)) -> Chính thức | E19: =INDEX('6. data thông tin nhân sự'!G:G, MATCH('5. Theo dõi mail'!B19, '6. data thông tin nhân sự'!B:B,0)) -> Thiết kế - Design | F19: =INDEX('6. data thông tin nhân sự'!H:H, MATCH('5. Theo dõi mail'!B19, '6. data thông tin nhân sự'!B:B,0)) -> Concept Development Excutive | G19: =INDEX('6. data thông tin nhân sự'!L:L, MATCH('5. Theo dõi mail'!B19, '6. data thông tin nhân sự'!B:B,0)) -> tiennt@newdaymedia.com.vn | H19: =INDEX('6. data thông tin nhân sự'!N:N, MATCH('5. Theo dõi mail'!B19, '6. data thông tin nhân sự'!B:B,0)) -> 15/08/2024 | K19: Đang kích hoạt | L19: Premium | M19: Đã cài đặt | V19: PC - Công ty | W19: Win bản quyền - Pro | AB19: Đang cài đặt bản crack | AF19: Standard | AG19: =COUNTIF(L6:L80, "Standard") -> 13 | AI19: MacOS | AJ19: =COUNTIF(W6:W81, "MacOS") -> 10 | AL19: PC - Công ty | AM19: =COUNTIF(V6:V80, "PC - Công ty") -> 38 | AP19: Đang cài đặt bản crack | AQ19: =COUNTIF(AB5:AB78, "Đang cài đặt bản crack") -> 21
A20: =IF(B20="","",SUBTOTAL(3,$B$6:B20)) -> 13 | B20: 24009 | C20: =INDEX('6. data thông tin nhân sự'!C:C, MATCH('5. Theo dõi mail'!B20, '6. data thông tin nhân sự'!B:B,0)) -> Bùi Trịnh Tuệ Khanh | D20: =INDEX('6. data thông tin nhân sự'!D:D, MATCH('5. Theo dõi mail'!B20, '6. data thông tin nhân sự'!B:B,0)) -> Chính thức | E20: =INDEX('6. data thông tin nhân sự'!G:G, MATCH('5. Theo dõi mail'!B20, '6. data thông tin nhân sự'!B:B,0)) -> Thiết kế - Design | F20: =INDEX('6. data thông tin nhân sự'!H:H, MATCH('5. Theo dõi mail'!B20, '6. data thông tin nhân sự'!B:B,0)) -> Concept Development Excutive | G20: =INDEX('6. data thông tin nhân sự'!L:L, MATCH('5. Theo dõi mail'!B20, '6. data thông tin nhân sự'!B:B,0)) -> khanhbtt@newdaymedia.com.vn | H20: =INDEX('6. data thông tin nhân sự'!N:N, MATCH('5. Theo dõi mail'!B20, '6. data thông tin nhân sự'!B:B,0)) -> 26/12/2024 | K20: Đang kích hoạt | L20: Premium | M20: Đã cài đặt | V20: PC - Công ty | W20: Win bản quyền - Pro | AB20: Đang cài đặt bản crack | AF20: Premium | AG20: =COUNTIF(L6:L80, "Premium") -> 34 | AI20: Chưa có Win bản quyền | AJ20: =COUNTIF(W6:W81, "Chưa có Win bản quyền") -> 1 | AL20: Laptop cá nhân - MacOS | AM20: =COUNTIF(V6:V80, "Laptop cá nhân - MacOS") -> 9 | AP20: IT đã kiểm tra L1- không kiểm soát | AQ20: =COUNTIF(AB6:AB80, "IT check PM cài đặt máy ngày 22/07/2026") -> 7
A21: =IF(B21="","",SUBTOTAL(3,$B$6:B21)) -> 14 | B21: 26003 | C21: =INDEX('6. data thông tin nhân sự'!C:C, MATCH('5. Theo dõi mail'!B21, '6. data thông tin nhân sự'!B:B,0)) -> Vũ Đăng Duy | D21: =INDEX('6. data thông tin nhân sự'!D:D, MATCH('5. Theo dõi mail'!B21, '6. data thông tin nhân sự'!B:B,0)) -> Chính thức | E21: =INDEX('6. data thông tin nhân sự'!G:G, MATCH('5. Theo dõi mail'!B21, '6. data thông tin nhân sự'!B:B,0)) -> Thiết kế - Design | F21: =INDEX('6. data thông tin nhân sự'!H:H, MATCH('5. Theo dõi mail'!B21, '6. data thông tin nhân sự'!B:B,0)) -> 2D Graphic Designer | G21: =INDEX('6. data thông tin nhân sự'!L:L, MATCH('5. Theo dõi mail'!B21, '6. data thông tin nhân sự'!B:B,0)) -> Duyvd@newdaymedia.com.vn | H21: =INDEX('6. data thông tin nhân sự'!N:N, MATCH('5. Theo dõi mail'!B21, '6. data thông tin nhân sự'!B:B,0)) -> 02/03/2026 | K21: Đang kích hoạt | L21: Premium | M21: Đã cài đặt | V21: PC - Công ty | W21: Win bản quyền - Pro | AB21: Đang cài đặt bản crack | AF21: E3 - Enterprise | AG21: =COUNTIF(L6:L80, "E3 - Enterprise") -> 2 | AJ21: =SUM(AJ18:AJ20) -> 48 | AL21: Laptop cá nhân | AM21: =COUNTIF(V7:V80, "Laptop cá nhân") -> 4 | AQ21: =AQ18+AQ19+AQ20 -> 51
A22: =IF(B22="","",SUBTOTAL(3,$B$6:B22)) -> 15 | B22: 26027 | C22: =INDEX('6. data thông tin nhân sự'!C:C, MATCH('5. Theo dõi mail'!B22, '6. data thông tin nhân sự'!B:B,0)) -> Trần Duy Nam | D22: =INDEX('6. data thông tin nhân sự'!D:D, MATCH('5. Theo dõi mail'!B22, '6. data thông tin nhân sự'!B:B,0)) -> Thử việc | E22: =INDEX('6. data thông tin nhân sự'!G:G, MATCH('5. Theo dõi mail'!B22, '6. data thông tin nhân sự'!B:B,0)) -> Thiết kế - Design | F22: =INDEX('6. data thông tin nhân sự'!H:H, MATCH('5. Theo dõi mail'!B22, '6. data thông tin nhân sự'!B:B,0)) -> 3D Graphic Designer | G22: =INDEX('6. data thông tin nhân sự'!L:L, MATCH('5. Theo dõi mail'!B22, '6. data thông tin nhân sự'!B:B,0)) -> Namtd@newdaymedia.com.vn | H22: =INDEX('6. data thông tin nhân sự'!N:N, MATCH('5. Theo dõi mail'!B22, '6. data thông tin nhân sự'!B:B,0)) -> 10/08/2026 | K22: Đang kích hoạt | L22: Basic | V22: PC - Công ty | W22: Win bản quyền - Pro | AB22: Đang cài đặt bản crack | AG22: =SUM(AG18:AG21) -> 63 | AL22: Laptop công ty | AM22: =COUNTIF(V6:V81, "Laptop công ty") -> 1
A23: IV. SỰ KIỆN - EVENT | AM23: =SUM(AM18:AM22) -> 55
A24: =IF(B24="","",SUBTOTAL(3,$B$6:B24)) -> 16 | B24: 26025 | C24: =INDEX('6. data thông tin nhân sự'!C:C, MATCH('5. Theo dõi mail'!B24, '6. data thông tin nhân sự'!B:B,0)) -> Nguyễn Thành Công | D24: =INDEX('6. data thông tin nhân sự'!D:D, MATCH('5. Theo dõi mail'!B24, '6. data thông tin nhân sự'!B:B,0)) -> Nghỉ việc | E24: =INDEX('6. data thông tin nhân sự'!G:G, MATCH('5. Theo dõi mail'!B24, '6. data thông tin nhân sự'!B:B,0)) -> Sự kiện - Event | F24: =INDEX('6. data thông tin nhân sự'!H:H, MATCH('5. Theo dõi mail'!B24, '6. data thông tin nhân sự'!B:B,0)) -> Event Manager | G24: =INDEX('6. data thông tin nhân sự'!L:L, MATCH('5. Theo dõi mail'!B24, '6. data thông tin nhân sự'!B:B,0)) -> congnt@newdaymedia.com.vn | H24: =INDEX('6. data thông tin nhân sự'!N:N, MATCH('5. Theo dõi mail'!B24, '6. data thông tin nhân sự'!B:B,0)) -> 05/08/2026 | K24: Đang kích hoạt | L24: Premium | M24: Đã cài đặt | V24: PC - Công ty | W24: Win bản quyền - Pro | X24: Đã thực hiện | Y24: 46220 | Z24: Quản lý thủ công - M365 Basic | AA24: Quản lý thủ công - M365 Basic | AB24: IT kiểm soát đúng quy định
A25: =IF(B25="","",SUBTOTAL(3,$B$6:B25)) -> 17 | B25: 22001 | C25: =INDEX('6. data thông tin nhân sự'!C:C, MATCH('5. Theo dõi mail'!B25, '6. data thông tin nhân sự'!B:B,0)) -> Bùi Xuân Dân | D25: =INDEX('6. data thông tin nhân sự'!D:D, MATCH('5. Theo dõi mail'!B25, '6. data thông tin nhân sự'!B:B,0)) -> Chính thức | E25: =INDEX('6. data thông tin nhân sự'!G:G, MATCH('5. Theo dõi mail'!B25, '6. data thông tin nhân sự'!B:B,0)) -> Sự kiện - Event | F25: =INDEX('6. data thông tin nhân sự'!H:H, MATCH('5. Theo dõi mail'!B25, '6. data thông tin nhân sự'!B:B,0)) -> Event Team Leader | G25: =INDEX('6. data thông tin nhân sự'!L:L, MATCH('5. Theo dõi mail'!B25, '6. data thông tin nhân sự'!B:B,0)) -> danbx@newdaymedia.com.vn | H25: =INDEX('6. data thông tin nhân sự'!N:N, MATCH('5. Theo dõi mail'!B25, '6. data thông tin nhân sự'!B:B,0)) -> 16/05/2022 | K25: Đang kích hoạt | L25: Premium | M25: Đã cài đặt | V25: PC - Công ty | W25: Win bản quyền - Pro | X25: Đã thực hiện | Y25: 46220 | Z25: Quản lý thủ công - M365 Basic | AA25: Quản lý thủ công - M365 Basic | AB25: IT kiểm soát đúng quy định
A26: =IF(B26="","",SUBTOTAL(3,$B$6:B26)) -> 18 | B26: 23008 | C26: =INDEX('6. data thông tin nhân sự'!C:C, MATCH('5. Theo dõi mail'!B26, '6. data thông tin nhân sự'!B:B,0)) -> Hoàng Hà Giang | D26: =INDEX('6. data thông tin nhân sự'!D:D, MATCH('5. Theo dõi mail'!B26, '6. data thông tin nhân sự'!B:B,0)) -> Chính thức | E26: =INDEX('6. data thông tin nhân sự'!G:G, MATCH('5. Theo dõi mail'!B26, '6. data thông tin nhân sự'!B:B,0)) -> Sự kiện - Event | F26: =INDEX('6. data thông tin nhân sự'!H:H, MATCH('5. Theo dõi mail'!B26, '6. data thông tin nhân sự'!B:B,0)) -> Event Executive | G26: =INDEX('6. data thông tin nhân sự'!L:L, MATCH('5. Theo dõi mail'!B26, '6. data thông tin nhân sự'!B:B,0)) -> gianghh@newdaymedia.com.vn | H26: =INDEX('6. data thông tin nhân sự'!N:N, MATCH('5. Theo dõi mail'!B26, '6. data thông tin nhân sự'!B:B,0)) -> 01/12/2023 | K26: Đang kích hoạt | L26: Premium | M26: Đã cài đặt | V26: PC - Công ty | W26: Win bản quyền - Pro | X26: Đã thực hiện | Y26: 46220 | Z26: Quản lý thủ công - M365 Basic | AA26: Quản lý thủ công - M365 Basic | AB26: IT kiểm soát đúng quy định
A27: =IF(B27="","",SUBTOTAL(3,$B$6:B27)) -> 19 | B27: 25012 | C27: =INDEX('6. data thông tin nhân sự'!C:C, MATCH('5. Theo dõi mail'!B27, '6. data thông tin nhân sự'!B:B,0)) -> Dương Nguyên Bảo | D27: =INDEX('6. data thông tin nhân sự'!D:D, MATCH('5. Theo dõi mail'!B27, '6. data thông tin nhân sự'!B:B,0)) -> Chính thức | E27: =INDEX('6. data thông tin nhân sự'!G:G, MATCH('5. Theo dõi mail'!B27, '6. data thông tin nhân sự'!B:B,0)) -> Sự kiện - Event | F27: =INDEX('6. data thông tin nhân sự'!H:H, MATCH('5. Theo dõi mail'!B27, '6. data thông tin nhân sự'!B:B,0)) -> Event Production Officer | G27: =INDEX('6. data thông tin nhân sự'!L:L, MATCH('5. Theo dõi mail'!B27, '6. data thông tin nhân sự'!B:B,0)) -> baodn@newdaymedia.com.vn | H27: =INDEX('6. data thông tin nhân sự'!N:N, MATCH('5. Theo dõi mail'!B27, '6. data thông tin nhân sự'!B:B,0)) -> 09/06/2025 | K27: Đang kích hoạt | L27: Premium | M27: Đã cài đặt | V27: PC - Công ty | W27: Win bản quyền - Pro | X27: Đã thực hiện | Y27: 46220 | Z27: Quản lý thủ công - M365 Basic | AA27: Quản lý thủ công - M365 Basic | AB27: IT kiểm soát đúng quy định
A28: =IF(B28="","",SUBTOTAL(3,$B$6:B28)) -> 20 | B28: 25028 | C28: =INDEX('6. data thông tin nhân sự'!C:C, MATCH('5. Theo dõi mail'!B28, '6. data thông tin nhân sự'!B:B,0)) -> Nguyễn Phương Anh | D28: =INDEX('6. data thông tin nhân sự'!D:D, MATCH('5. Theo dõi mail'!B28, '6. data thông tin nhân sự'!B:B,0)) -> Chính thức | E28: =INDEX('6. data thông tin nhân sự'!G:G, MATCH('5. Theo dõi mail'!B28, '6. data thông tin nhân sự'!B:B,0)) -> Sự kiện - Event | F28: =INDEX('6. data thông tin nhân sự'!H:H, MATCH('5. Theo dõi mail'!B28, '6. data thông tin nhân sự'!B:B,0)) -> Event Executive | G28: =INDEX('6. data thông tin nhân sự'!L:L, MATCH('5. Theo dõi mail'!B28, '6. data thông tin nhân sự'!B:B,0)) -> anhnp1@newdaymedia.com.vn | H28: =INDEX('6. data thông tin nhân sự'!N:N, MATCH('5. Theo dõi mail'!B28, '6. data thông tin nhân sự'!B:B,0)) -> 04/08/2025 | K28: Đang kích hoạt | L28: Premium | M28: Đã cài đặt | V28: PC - Công ty | W28: Win bản quyền - Pro | X28: Đã thực hiện | Y28: 46220 | Z28: Quản lý thủ công - M365 Basic | AA28: Quản lý thủ công - M365 Basic | AB28: IT kiểm soát đúng quy định
A29: =IF(B29="","",SUBTOTAL(3,$B$6:B29)) -> 21 | B29: 25030 | C29: =INDEX('6. data thông tin nhân sự'!C:C, MATCH('5. Theo dõi mail'!B29, '6. data thông tin nhân sự'!B:B,0)) -> Hoàng Tuấn Anh | D29: =INDEX('6. data thông tin nhân sự'!D:D, MATCH('5. Theo dõi mail'!B29, '6. data thông tin nhân sự'!B:B,0)) -> Chính thức | E29: =INDEX('6. data thông tin nhân sự'!G:G, MATCH('5. Theo dõi mail'!B29, '6. data thông tin nhân sự'!B:B,0)) -> Sự kiện - Event | F29: =INDEX('6. data thông tin nhân sự'!H:H, MATCH('5. Theo dõi mail'!B29, '6. data thông tin nhân sự'!B:B,0)) -> Event Production Officer | G29: =INDEX('6. data thông tin nhân sự'!L:L, MATCH('5. Theo dõi mail'!B29, '6. data thông tin nhân sự'!B:B,0)) -> Anhht@newdaymedia.com.vn | H29: =INDEX('6. data thông tin nhân sự'!N:N, MATCH('5. Theo dõi mail'!B29, '6. data thông tin nhân sự'!B:B,0)) -> 03/09/2025 | K29: Đang kích hoạt | L29: Premium | M29: Đã cài đặt | V29: PC - Công ty | W29: Win bản quyền - Pro | X29: Đã thực hiện | Y29: 46220 | Z29: Quản lý thủ công - M365 Basic | AA29: Quản lý thủ công - M365 Basic | AB29: Đang cài đặt bản crack | AC29: SketchUp Pro
